PatientID,AgeGroup,Department,AppointmentType,InsuranceType,ArrivalMethod,VisitDate,AppointmentTime,ActualArrivalTime,CheckInTime,TriageCompleteTime,ProviderStartTime,ProviderEndTime,TestsCompleteTime,DischargeTime,TriageCategory,ReasonForVisit,TestsOrdered,ConsultationNeeded,ProviderID,RoomNumber,FacilityOccupancyRate,ProvidersOnShift,NursesOnShift,StaffToPatientRatio,ArrivalDateTime,RegistrationTime,AssignedDepartment,FirstSeenByNurseTime,DoctorOrProcedureStartTime,IsRegistered,IsOnlineBooking,BookingType,Year,Month,Day,DayOfWeek,IsWeekend,Quarter,ArrivalDelayTime,RegistrationWaitTimeTime,RegistrationToCheckInTime,CheckInToNurseTime,NurseToTriageCompleteTime,TriageToProviderStartTime,ConsultationDurationTime,ProviderEndToTestsCompleteTime,TestsToDischargeTime,TotalTimeInHospital,TotalDelayTime,ArrivalHour,ArrivalDayOfWeek,ArrivalMonth,OccupancyRateBin,ProvidersOnShiftBin,NursesOnShiftBin,StaffPatientRatioBin
P100000,Adult (36-60),Orthopedics,New Patient,Private,Walk-in,15-03-2024,15-03-2024 14:00,15-03-2024 13:32,15-03-2024 13:36,15-03-2024 13:44,15-03-2024 14:15,15-03-2024 14:37,15-03-2024 14:52,15-03-2024 16:03,Non-urgent,Vaccination,Basic labs,TRUE,DR2,D-5,0.32,6,14,0.3,32:02.0,40:10.8,Orthopedics,39:24.5,15:21.4,1,0,Walk-in,2024,Mar,15,Fri,FALSE,1,-27.98333333,8.163889283,-3.747222617,2.975683733,5.2076496,30.73333333,22.33333333,15.01666667,71.06666667,151.75,123.7666667,13,4,3,Low,"(5.0, 7.0]","(12.0, 15.0]","(0.2, 0.3]"
P100001,Adult (36-60),Cardiology,Specialist Referral,Self-pay,Scheduled,01-01-2024,01-01-2024 09:45,01-01-2024 09:36,01-01-2024 09:41,01-01-2024 09:48,01-01-2024 11:32,01-01-2024 11:53,01-01-2024 11:53,01-01-2024 11:57,Non-urgent,Consultation,None,FALSE,DR3,C-6,0.56,7,13,0.14,36:50.0,,Cardiology,45:24.2,32:55.7,0,1,Online,2024,Jan,1,Mon,FALSE,1,-8.183333333,,,4.303252983,2.98008035,104.5333333,20.45,0,4.5,141.05,128.5833333,9,0,1,Medium,"(5.0, 7.0]","(12.0, 15.0]","(0.099, 0.2]"
P100002,Young Adult (18-35),General Surgery,Specialist Referral,Medicaid,Scheduled,19-01-2024,19-01-2024 16:15,19-01-2024 16:07,19-01-2024 16:10,19-01-2024 16:18,19-01-2024 19:25,19-01-2024 19:46,19-01-2024 20:34,19-01-2024 22:34,Non-urgent,Consultation,Comprehensive labs,TRUE,DR12,A-5,0.9,4,7,0.13,07:35.4,,General Surgery,13:17.8,25:57.7,0,1,Online,2024,Jan,19,Fri,FALSE,1,-7.416666667,,,2.77928585,5.004047483,187.65,20.96666667,47.78333333,119.9333333,387.05,376.7,16,4,1,Very High,"(3.0, 5.0]","(6.0, 9.0]","(0.099, 0.2]"
P100003,Adult (36-60),Emergency,Urgent Care,None,Emergency,27-03-2024,27-03-2024 11:00,27-03-2024 10:59,27-03-2024 11:02,27-03-2024 11:11,27-03-2024 11:18,27-03-2024 11:23,27-03-2024 11:23,27-03-2024 11:37,Urgent,Acute illness,None,FALSE,DR4,D-10,0.41,5,4,0.36,59:56.1,05:07.1,Emergency,06:04.6,18:56.6,1,0,Walk-in,2024,Mar,27,Wed,FALSE,1,-0.066666667,5.184339517,-2.734339517,3.693477433,5.706522567,7.15,5,0,13.18333333,37.18333333,37.11666667,10,2,3,Low,"(3.0, 5.0]","(2.999, 6.0]","(0.3, 0.4]"
P100004,Senior (61+),Cardiology,Urgent Care,Medicare,Scheduled,10-03-2024,10-03-2024 16:45,10-03-2024 16:48,10-03-2024 16:52,10-03-2024 17:04,10-03-2024 19:00,10-03-2024 19:05,10-03-2024 20:17,10-03-2024 20:31,Non-urgent,Injury,Stress test,FALSE,DR17,D-3,0.66,8,12,0.21,48:33.2,,Cardiology,59:03.8,00:07.6,0,1,Online,2024,Mar,10,Sun,TRUE,1,3.55,,,6.730269267,5.1363974,115.9166667,5.333333333,71.71666667,14.46666667,223.0833333,222.85,16,6,3,High,"(7.0, 8.0]","(9.0, 12.0]","(0.2, 0.3]"
P100005,Adult (36-60),Radiology,Specialist Referral,None,Walk-in,29-03-2024,29-03-2024 16:00,29-03-2024 15:50,29-03-2024 15:51,29-03-2024 15:56,29-03-2024 16:12,29-03-2024 16:35,29-03-2024 17:05,29-03-2024 18:21,Semi-urgent,Post-operative,X-ray,TRUE,DR14,A-1,0.5,6,8,0.37,50:04.6,58:47.7,Radiology,53:52.7,12:35.3,1,0,Walk-in,2024,Mar,29,Fri,FALSE,1,-9.933333333,8.728506517,-6.86183985,1.9453093,2.338024033,16.36666667,23.01666667,30.15,76.06666667,151.75,141.8166667,15,4,3,Medium,"(5.0, 7.0]","(6.0, 9.0]","(0.3, 0.4]"
P100006,Senior (61+),Obstetrics,Urgent Care,None,Scheduled,25-02-2024,25-02-2024 13:00,25-02-2024 13:11,25-02-2024 13:15,25-02-2024 13:24,25-02-2024 13:37,25-02-2024 14:05,25-02-2024 15:09,25-02-2024 15:14,Semi-urgent,Follow-up procedure,Biopsy,FALSE,DR28,B-3,0.74,8,11,0.36,11:30.2,,Obstetrics,22:25.6,37:31.0,0,1,Online,2024,Feb,25,Sun,TRUE,1,11.5,,,6.9595891,2.3404109,12.73333333,27.91666667,63.66666667,5.45,123.0333333,130.5666667,13,6,2,High,"(7.0, 8.0]","(9.0, 12.0]","(0.3, 0.4]"
P100007,Adult (36-60),Orthopedics,Urgent Care,Medicaid,Scheduled,13-02-2024,13-02-2024 10:00,13-02-2024 09:59,13-02-2024 10:04,13-02-2024 10:14,13-02-2024 11:28,13-02-2024 11:40,13-02-2024 12:11,13-02-2024 12:53,Non-urgent,Routine checkup,Basic labs,TRUE,DR34,D-15,0.54,6,5,0.39,59:44.2,,Orthopedics,11:38.1,28:33.8,0,1,Online,2024,Feb,13,Tue,FALSE,1,-0.266666667,,,7.450933017,3.299066983,73.61666667,11.63333333,31.23333333,41.91666667,173.6,168.8833333,9,1,2,Medium,"(5.0, 7.0]","(2.999, 6.0]","(0.3, 0.4]"
P100008,Senior (61+),Neurology,New Patient,Medicare,Scheduled,31-03-2024,31-03-2024 14:45,31-03-2024 14:42,31-03-2024 14:45,31-03-2024 14:54,31-03-2024 15:51,31-03-2024 16:16,31-03-2024 17:46,31-03-2024 17:55,Urgent,Vaccination,Ultrasound,FALSE,DR46,B-9,0.82,6,6,0.3,42:49.7,,Neurology,50:20.0,51:13.6,0,1,Online,2024,Mar,31,Sun,TRUE,1,-2.183333333,,,4.61624655,4.33375345,56.55,25.66666667,89.66666667,9.183333333,192.9166667,187.8333333,14,6,3,Very High,"(5.0, 7.0]","(2.999, 6.0]","(0.2, 0.3]"
P100009,Senior (61+),Oncology,Urgent Care,Private,Scheduled,11-01-2024,11-01-2024 08:30,11-01-2024 08:06,11-01-2024 08:09,11-01-2024 08:17,11-01-2024 09:20,11-01-2024 09:34,11-01-2024 09:34,11-01-2024 09:48,Non-urgent,Consultation,None,FALSE,DR40,C-4,0.6,7,11,0.37,06:59.1,,Oncology,11:46.6,20:19.5,0,1,Online,2024,Jan,11,Thu,FALSE,1,-23.01666667,,,2.209692117,5.740307883,62.8,14.01666667,0,14.36666667,101.7166667,76.11666667,8,3,1,Medium,"(5.0, 7.0]","(9.0, 12.0]","(0.3, 0.4]"
P100010,Young Adult (18-35),Pediatrics,Follow-up,Private,Walk-in,20-02-2024,20-02-2024 11:45,20-02-2024 11:33,20-02-2024 11:36,20-02-2024 11:42,20-02-2024 12:04,20-02-2024 12:23,20-02-2024 13:46,20-02-2024 14:51,Semi-urgent,Chronic condition,Biopsy,TRUE,DR1,D-5,0.58,2,4,0.23,33:05.2,41:37.7,Pediatrics,40:11.3,05:00.0,1,0,Walk-in,2024,Feb,20,Tue,FALSE,1,-11.91666667,8.5456939,-5.4956939,4.0547205,2.2952795,22.5,18.9,82.86666667,64.83333333,198.5,186.5833333,11,1,2,Medium,"(1.999, 3.0]","(2.999, 6.0]","(0.2, 0.3]"
P100011,Young Adult (18-35),Emergency,Specialist Referral,Medicare,Scheduled,27-02-2024,27-02-2024 12:30,27-02-2024 12:26,27-02-2024 12:29,27-02-2024 12:42,27-02-2024 15:08,27-02-2024 15:37,27-02-2024 17:47,27-02-2024 19:09,Non-urgent,Follow-up procedure,MRI,TRUE,DR38,A-15,0.77,4,7,0.38,26:44.8,,Emergency,37:26.6,08:01.5,0,1,Online,2024,Feb,27,Tue,FALSE,1,-3.266666667,,,7.5441577,5.022508967,145.55,29.88333333,129.4,82.48333333,403.05,396.6166667,12,1,2,High,"(3.0, 5.0]","(6.0, 9.0]","(0.3, 0.4]"
P100012,Senior (61+),Pediatrics,New Patient,None,Scheduled,04-02-2024,04-02-2024 12:15,04-02-2024 12:21,04-02-2024 12:23,04-02-2024 12:28,04-02-2024 13:00,04-02-2024 13:19,04-02-2024 13:19,04-02-2024 14:05,Emergency,Consultation,None,TRUE,DR48,A-1,0.44,5,13,0.5,21:20.1,,Pediatrics,25:22.7,00:04.6,0,1,Online,2024,Feb,4,Sun,TRUE,1,6.333333333,,,1.5944493,3.438884033,31.25,19.43333333,0,46.13333333,104.3,108.1833333,12,6,2,Low,"(3.0, 5.0]","(12.0, 15.0]","(0.4, 0.5]"
P100013,Young Adult (18-35),General Surgery,New Patient,Medicaid,Scheduled,04-03-2024,04-03-2024 10:30,04-03-2024 10:44,04-03-2024 10:48,04-03-2024 11:00,04-03-2024 11:18,04-03-2024 11:56,04-03-2024 12:17,04-03-2024 13:48,Non-urgent,Prescription renewal,X-ray,TRUE,DR41,A-11,0.73,4,11,0.31,44:55.2,,General Surgery,54:22.5,18:31.6,0,1,Online,2024,Mar,4,Mon,FALSE,1,14.91666667,,,6.275737683,5.674262317,18.46666667,38.43333333,20.58333333,90.98333333,183.6,195.3333333,10,0,3,High,"(3.0, 5.0]","(9.0, 12.0]","(0.3, 0.4]"
P100014,Pediatric (0-17),Pediatrics,Urgent Care,Medicaid,Scheduled,11-01-2024,11-01-2024 09:15,11-01-2024 08:49,11-01-2024 08:54,11-01-2024 09:01,11-01-2024 10:07,11-01-2024 10:32,11-01-2024 10:32,11-01-2024 10:45,Semi-urgent,Acute illness,None,FALSE,DR22,B-11,0.55,8,5,0.36,49:38.1,,Pediatrics,59:29.9,07:01.3,0,1,Online,2024,Jan,11,Thu,FALSE,1,-25.36666667,,,5.0149326,2.2350674,65.28333333,25.8,0,12.51666667,115.7,85.48333333,8,3,1,Medium,"(7.0, 8.0]","(2.999, 6.0]","(0.3, 0.4]"
P100015,Adult (36-60),Internal Medicine,New Patient,Private,Scheduled,14-01-2024,14-01-2024 12:30,14-01-2024 12:35,14-01-2024 12:40,14-01-2024 12:49,14-01-2024 14:27,14-01-2024 14:40,14-01-2024 15:21,14-01-2024 15:28,Non-urgent,Follow-up procedure,Basic labs,FALSE,DR48,D-13,0.63,5,15,0.18,35:54.6,,Internal Medicine,46:06.8,27:22.8,0,1,Online,2024,Jan,14,Sun,TRUE,1,5.9,,,5.997112917,3.552887083,97.7,13.08333333,41.31666667,6.65,172.5166667,174.2,12,6,1,Medium,"(3.0, 5.0]","(12.0, 15.0]","(0.099, 0.2]"
P100016,Young Adult (18-35),Pediatrics,Specialist Referral,Medicare,Scheduled,31-01-2024,31-01-2024 11:30,31-01-2024 11:37,31-01-2024 11:40,31-01-2024 11:50,31-01-2024 12:01,31-01-2024 12:22,31-01-2024 12:22,31-01-2024 12:27,Urgent,Chronic condition,None,FALSE,DR41,C-12,0.49,2,10,0.32,37:25.7,,Pediatrics,47:55.8,01:00.4,0,1,Online,2024,Jan,31,Wed,FALSE,1,7.416666667,,,7.51305265,2.28694735,10.78333333,21.65,0,4.966666667,50.2,54.61666667,11,2,1,Medium,"(1.999, 3.0]","(9.0, 12.0]","(0.3, 0.4]"
P100017,Adult (36-60),Pediatrics,Specialist Referral,None,Walk-in,15-01-2024,15-01-2024 15:45,15-01-2024 15:16,15-01-2024 15:20,15-01-2024 15:25,15-01-2024 15:57,15-01-2024 16:16,15-01-2024 16:34,15-01-2024 16:50,Urgent,Post-operative,Basic labs,FALSE,DR50,C-10,0.32,5,6,0.45,16:47.2,25:30.9,Pediatrics,21:11.2,57:43.7,1,0,Walk-in,2024,Jan,15,Mon,FALSE,1,-28.21666667,8.7313818,-5.448048467,1.1194244,3.847242267,32.68333333,18.53333333,18.51666667,15.76666667,93.75,65.53333333,15,0,1,Low,"(3.0, 5.0]","(2.999, 6.0]","(0.4, 0.5]"
P100018,Adult (36-60),Neurology,New Patient,None,Walk-in,26-02-2024,26-02-2024 09:00,26-02-2024 08:42,26-02-2024 08:46,26-02-2024 08:58,26-02-2024 10:01,26-02-2024 10:21,26-02-2024 11:49,26-02-2024 13:20,Non-urgent,Chronic condition,CT scan,TRUE,DR48,A-5,0.75,3,8,0.25,42:50.4,45:03.5,Neurology,54:44.1,01:20.0,1,0,Walk-in,2024,Feb,26,Mon,FALSE,1,-17.16666667,2.224619933,1.8587134,7.818072767,3.8985939,62.68333333,19.96666667,88.41666667,90.96666667,277.8333333,260.6666667,8,0,2,High,"(1.999, 3.0]","(6.0, 9.0]","(0.2, 0.3]"
P100019,Pediatric (0-17),Orthopedics,Urgent Care,Private,Emergency,02-02-2024,02-02-2024 11:30,02-02-2024 11:20,02-02-2024 11:24,02-02-2024 11:34,02-02-2024 12:35,02-02-2024 12:51,02-02-2024 12:51,02-02-2024 13:00,Semi-urgent,Prescription renewal,None,FALSE,DR10,D-4,0.79,5,14,0.17,20:11.3,29:46.1,Orthopedics,30:19.1,35:30.4,1,0,Walk-in,2024,Feb,2,Fri,FALSE,1,-9.816666667,9.5852443,-5.068577633,5.617909033,3.948757633,61.23333333,16.46666667,0,8.383333333,100.1666667,90.35,11,4,2,High,"(3.0, 5.0]","(12.0, 15.0]","(0.099, 0.2]"
P100020,Adult (36-60),Emergency,New Patient,Medicare,Scheduled,10-01-2024,10-01-2024 10:00,10-01-2024 09:25,10-01-2024 09:26,10-01-2024 09:46,10-01-2024 11:14,10-01-2024 11:30,10-01-2024 14:11,10-01-2024 15:47,Semi-urgent,Chronic condition,MRI,TRUE,DR48,D-4,0.68,6,13,0.38,25:05.9,,Emergency,40:51.6,14:55.1,0,1,Online,2024,Jan,10,Wed,FALSE,1,-34.91666667,,,13.90963375,5.24036625,88.81666667,15.3,161.05,96.25,382.4333333,345.65,9,2,1,High,"(5.0, 7.0]","(12.0, 15.0]","(0.3, 0.4]"
P100021,Adult (36-60),Pediatrics,Follow-up,Private,Scheduled,25-03-2024,25-03-2024 10:30,25-03-2024 10:24,25-03-2024 10:27,25-03-2024 10:33,25-03-2024 10:42,25-03-2024 10:54,25-03-2024 11:28,25-03-2024 13:17,Urgent,Post-operative,CT scan,TRUE,DR26,A-4,0.89,3,12,0.11,24:32.1,,Pediatrics,29:16.1,42:33.2,0,1,Online,2024,Mar,25,Mon,FALSE,1,-5.466666667,,,1.352198167,3.731135167,9.55,12.2,34.21666667,108.6833333,173.1166667,164.2666667,10,0,3,Very High,"(1.999, 3.0]","(9.0, 12.0]","(0.099, 0.2]"
P100022,Adult (36-60),Pediatrics,New Patient,Medicaid,Walk-in,25-03-2024,25-03-2024 09:15,25-03-2024 09:43,25-03-2024 09:45,25-03-2024 09:57,25-03-2024 10:12,25-03-2024 10:31,25-03-2024 11:01,25-03-2024 11:13,Emergency,Acute illness,Basic labs,FALSE,DR2,C-15,0.42,5,14,0.12,43:05.3,51:44.2,Pediatrics,51:05.4,12:30.2,1,0,Walk-in,2024,Mar,25,Mon,FALSE,1,28.08333333,8.6536328,-6.036966133,5.389943683,5.94338965,15.46666667,18.61666667,30.43333333,11.91666667,90.38333333,118.4666667,9,0,3,Low,"(3.0, 5.0]","(12.0, 15.0]","(0.099, 0.2]"
P100023,Pediatric (0-17),Internal Medicine,New Patient,Private,Scheduled,20-02-2024,20-02-2024 08:00,20-02-2024 07:49,20-02-2024 07:53,20-02-2024 08:05,20-02-2024 08:39,20-02-2024 09:04,20-02-2024 09:32,20-02-2024 11:04,Non-urgent,Prescription renewal,Basic labs,TRUE,DR11,B-8,0.54,8,3,0.27,49:30.6,,Internal Medicine,00:53.5,39:03.1,0,1,Online,2024,Feb,20,Tue,FALSE,1,-10.5,,,6.992256567,4.507743433,33.65,25.6,27.35,92.13333333,194.6333333,179.7333333,7,1,2,Medium,"(7.0, 8.0]","(2.999, 6.0]","(0.2, 0.3]"
P100024,Senior (61+),General Surgery,Follow-up,Medicaid,Scheduled,10-01-2024,10-01-2024 12:30,10-01-2024 12:55,10-01-2024 12:59,10-01-2024 13:06,10-01-2024 13:26,10-01-2024 13:42,10-01-2024 13:42,10-01-2024 15:27,Non-urgent,Prescription renewal,None,TRUE,DR6,D-3,0.64,5,4,0.22,55:43.5,,General Surgery,00:27.0,26:52.1,0,1,Online,2024,Jan,10,Wed,FALSE,1,25.71666667,,,0.750499533,5.666167133,20.75,15.28333333,0,104.8833333,151.3166667,173.05,12,2,1,High,"(3.0, 5.0]","(2.999, 6.0]","(0.2, 0.3]"
P100025,Adult (36-60),Oncology,Urgent Care,Private,Walk-in,29-03-2024,29-03-2024 16:45,29-03-2024 16:36,29-03-2024 16:40,29-03-2024 16:48,29-03-2024 17:08,29-03-2024 17:14,29-03-2024 17:39,29-03-2024 18:30,Semi-urgent,Acute illness,Basic labs,TRUE,DR10,A-10,0.49,3,4,0.12,36:54.7,45:41.9,Oncology,45:07.8,08:54.4,1,0,Walk-in,2024,Mar,29,Fri,FALSE,1,-8.1,8.7976959,-5.2476959,4.680685017,2.919314983,20.85,5.783333333,24.65,51.58333333,114.0166667,105.9166667,16,4,3,Medium,"(1.999, 3.0]","(2.999, 6.0]","(0.099, 0.2]"
P100026,Senior (61+),Oncology,New Patient,Self-pay,Scheduled,24-01-2024,24-01-2024 09:45,24-01-2024 09:50,24-01-2024 09:54,24-01-2024 10:02,24-01-2024 11:01,24-01-2024 11:15,24-01-2024 12:36,24-01-2024 12:39,Non-urgent,Diagnostic testing,Ultrasound,FALSE,DR33,D-4,0.54,7,13,0.15,50:13.1,,Oncology,59:53.5,01:52.1,0,1,Online,2024,Jan,24,Wed,FALSE,1,5.216666667,,,5.82470445,2.958628883,59.01666667,13.81666667,80.55,3.7,169.7166667,171.0833333,9,2,1,Medium,"(5.0, 7.0]","(12.0, 15.0]","(0.099, 0.2]"
P100027,Young Adult (18-35),Internal Medicine,Specialist Referral,Self-pay,Emergency,14-01-2024,14-01-2024 16:00,14-01-2024 16:16,14-01-2024 16:20,14-01-2024 16:21,14-01-2024 16:58,14-01-2024 17:12,14-01-2024 18:13,14-01-2024 18:45,Urgent,Acute illness,Comprehensive labs,TRUE,DR29,B-15,0.4,5,3,0.12,16:55.6,19:37.7,Internal Medicine,18:27.3,58:32.1,1,0,Walk-in,2024,Jan,14,Sun,TRUE,1,16.91666667,2.711935267,0.838064733,-2.011501867,3.011501867,37.06666667,14.35,60.45,32.48333333,148.9,165.8166667,16,6,1,Low,"(3.0, 5.0]","(2.999, 6.0]","(0.099, 0.2]"
P100028,Pediatric (0-17),Obstetrics,Follow-up,Medicaid,Scheduled,10-01-2024,10-01-2024 09:45,10-01-2024 09:13,10-01-2024 09:15,10-01-2024 09:25,10-01-2024 10:28,10-01-2024 10:33,10-01-2024 10:33,10-01-2024 10:39,Semi-urgent,Injury,None,FALSE,DR33,A-10,0.8,7,10,0.47,13:59.8,,Obstetrics,19:42.1,28:33.7,0,1,Online,2024,Jan,10,Wed,FALSE,1,-31.01666667,,,4.70225175,5.614414917,63.23333333,5,0,6.016666667,85.58333333,53.55,9,2,1,Very High,"(5.0, 7.0]","(9.0, 12.0]","(0.4, 0.5]"
P100029,Young Adult (18-35),Oncology,Urgent Care,Medicare,Walk-in,05-02-2024,05-02-2024 09:00,05-02-2024 08:57,05-02-2024 08:59,05-02-2024 09:00,05-02-2024 10:18,05-02-2024 10:50,05-02-2024 11:29,05-02-2024 13:16,Non-urgent,Chronic condition,X-ray,TRUE,DR49,D-7,0.88,5,3,0.34,57:44.5,00:21.4,Oncology,54:34.7,18:57.3,1,0,Walk-in,2024,Feb,5,Mon,FALSE,1,-2.266666667,2.623759583,-0.79042625,-4.987946167,5.987946167,78.38333333,32.01666667,38.5,106.6666667,258.4,256.1333333,8,0,2,Very High,"(3.0, 5.0]","(2.999, 6.0]","(0.3, 0.4]"
P100030,Senior (61+),Oncology,Urgent Care,Private,Scheduled,08-02-2024,08-02-2024 16:30,08-02-2024 16:38,08-02-2024 16:43,08-02-2024 16:52,08-02-2024 19:31,08-02-2024 19:46,08-02-2024 21:55,08-02-2024 22:07,Semi-urgent,Injury,MRI,FALSE,DR43,B-1,0.6,7,3,0.38,38:13.2,,Oncology,48:15.0,31:41.8,0,1,Online,2024,Feb,8,Thu,FALSE,1,8.216666667,,,5.11643065,3.766902683,159.6666667,15.13333333,128.3833333,12.01666667,329,332.3,16,3,2,Medium,"(5.0, 7.0]","(2.999, 6.0]","(0.3, 0.4]"
P100031,Senior (61+),Oncology,Specialist Referral,None,Scheduled,30-03-2024,30-03-2024 15:30,30-03-2024 14:41,30-03-2024 14:44,30-03-2024 14:46,30-03-2024 15:11,30-03-2024 15:16,30-03-2024 15:42,30-03-2024 17:17,Urgent,Chronic condition,X-ray,TRUE,DR29,B-10,0.78,5,9,0.3,41:24.4,,Oncology,40:32.0,11:03.7,0,1,Online,2024,Mar,30,Sat,TRUE,1,-48.6,,,-3.73273255,5.849399217,24.66666667,5,26.13333333,95.31666667,156.1,104.6333333,14,5,3,High,"(3.0, 5.0]","(6.0, 9.0]","(0.2, 0.3]"
P100032,Senior (61+),Pediatrics,Specialist Referral,None,Walk-in,24-03-2024,24-03-2024 16:15,24-03-2024 16:08,24-03-2024 16:11,24-03-2024 16:16,24-03-2024 16:38,24-03-2024 16:50,24-03-2024 16:50,24-03-2024 18:50,Semi-urgent,Diagnostic testing,None,TRUE,DR11,C-11,0.84,6,6,0.26,08:45.2,16:32.1,Pediatrics,14:30.7,38:41.8,1,0,Walk-in,2024,Mar,24,Sun,TRUE,1,-6.25,7.785421983,-5.068755317,3.045723133,2.070943533,22.1,11.68333333,0,120.2166667,161.8333333,155.5833333,16,6,3,Very High,"(5.0, 7.0]","(2.999, 6.0]","(0.2, 0.3]"
P100033,Young Adult (18-35),Obstetrics,Follow-up,Medicaid,Scheduled,30-03-2024,30-03-2024 09:45,30-03-2024 09:37,30-03-2024 09:40,30-03-2024 09:43,30-03-2024 10:51,30-03-2024 11:13,30-03-2024 11:13,30-03-2024 11:20,Non-urgent,Chronic condition,None,FALSE,DR7,D-2,0.31,8,12,0.17,37:25.2,,Obstetrics,38:37.5,51:37.1,0,1,Online,2024,Mar,30,Sat,TRUE,1,-7.583333333,,,-1.8920914,5.308758067,67.68333333,22.26666667,0,6.5,102.9666667,92.28333333,9,5,3,Low,"(7.0, 8.0]","(9.0, 12.0]","(0.099, 0.2]"
P100034,Adult (36-60),Emergency,Specialist Referral,None,Scheduled,15-01-2024,15-01-2024 16:45,15-01-2024 16:55,15-01-2024 16:59,15-01-2024 17:21,15-01-2024 17:43,15-01-2024 17:56,15-01-2024 17:56,15-01-2024 19:45,Non-urgent,Routine checkup,None,TRUE,DR12,A-7,0.6,7,6,0.11,55:14.7,,Emergency,18:15.6,43:43.7,0,1,Online,2024,Jan,15,Mon,FALSE,1,10.23333333,,,19.24332473,3.606675267,21.85,13.21666667,0,108.3166667,170.0166667,176.4666667,16,0,1,Medium,"(5.0, 7.0]","(2.999, 6.0]","(0.099, 0.2]"
P100035,Young Adult (18-35),Internal Medicine,Specialist Referral,Medicare,Scheduled,28-01-2024,28-01-2024 15:45,28-01-2024 15:42,28-01-2024 15:43,28-01-2024 15:48,28-01-2024 16:17,28-01-2024 16:22,28-01-2024 17:45,28-01-2024 18:35,Semi-urgent,Routine checkup,Comprehensive labs,TRUE,DR23,C-6,0.64,3,11,0.34,42:16.8,,Internal Medicine,43:31.2,17:41.4,0,1,Online,2024,Jan,28,Sun,TRUE,1,-2.733333333,,,0.0370514,4.646281933,29.51666667,5,83.25,49.43333333,173.1,169.15,15,6,1,High,"(1.999, 3.0]","(9.0, 12.0]","(0.3, 0.4]"
P100036,Young Adult (18-35),Pediatrics,Follow-up,Medicaid,Scheduled,01-02-2024,01-02-2024 14:30,01-02-2024 13:54,01-02-2024 13:56,01-02-2024 14:00,01-02-2024 14:05,01-02-2024 14:32,01-02-2024 15:00,01-02-2024 15:03,Urgent,Post-operative,Basic labs,FALSE,DR19,B-10,0.71,4,10,0.14,54:57.2,,Pediatrics,55:20.6,05:15.6,0,1,Online,2024,Feb,1,Thu,FALSE,1,-35.05,,,-0.723368433,5.606701767,4.3,27.56666667,27.28333333,2.933333333,68.08333333,31.91666667,13,3,2,High,"(3.0, 5.0]","(9.0, 12.0]","(0.099, 0.2]"
P100037,Senior (61+),Emergency,Follow-up,Private,Scheduled,08-01-2024,08-01-2024 14:15,08-01-2024 14:18,08-01-2024 14:19,08-01-2024 14:23,08-01-2024 15:06,08-01-2024 15:22,08-01-2024 15:22,08-01-2024 16:13,Semi-urgent,Prescription renewal,None,TRUE,DR27,D-8,0.56,8,15,0.11,18:02.8,,Emergency,19:28.1,06:20.0,0,1,Online,2024,Jan,8,Mon,FALSE,1,3.033333333,,,-0.098154317,3.648154317,43.21666667,16.36666667,0,51.1,115.7666667,117.2666667,14,0,1,Medium,"(7.0, 8.0]","(12.0, 15.0]","(0.099, 0.2]"
P100038,Senior (61+),Radiology,New Patient,Medicaid,Emergency,14-01-2024,14-01-2024 10:00,14-01-2024 09:22,14-01-2024 09:26,14-01-2024 09:30,14-01-2024 10:09,14-01-2024 10:19,14-01-2024 10:19,14-01-2024 10:22,Semi-urgent,Acute illness,None,FALSE,DR47,C-3,0.44,7,8,0.44,22:23.2,29:15.2,Radiology,26:32.1,09:11.3,1,0,Walk-in,2024,Jan,14,Sun,TRUE,1,-37.61666667,6.870435767,-2.7537691,0.03420995,3.91579005,38.73333333,10.71666667,0,2.966666667,60.48333333,22.86666667,9,6,1,Low,"(5.0, 7.0]","(6.0, 9.0]","(0.4, 0.5]"
P100039,Senior (61+),Orthopedics,Urgent Care,Private,Walk-in,06-01-2024,06-01-2024 16:30,06-01-2024 16:25,06-01-2024 16:29,06-01-2024 16:36,06-01-2024 19:00,06-01-2024 19:05,06-01-2024 19:05,06-01-2024 19:13,Semi-urgent,Prescription renewal,None,FALSE,DR33,D-11,0.5,4,10,0.49,25:37.1,27:53.0,Orthopedics,32:20.8,00:37.9,1,0,Walk-in,2024,Jan,6,Sat,TRUE,1,-4.383333333,2.266155317,1.433844683,3.0308016,3.8691984,144.4,5,0,8,168,163.6166667,16,5,1,Medium,"(3.0, 5.0]","(9.0, 12.0]","(0.4, 0.5]"
P100040,Adult (36-60),Emergency,Urgent Care,Self-pay,Scheduled,11-02-2024,11-02-2024 14:45,11-02-2024 14:40,11-02-2024 14:42,11-02-2024 14:52,11-02-2024 15:13,11-02-2024 15:46,11-02-2024 17:09,11-02-2024 17:24,Urgent,Consultation,CT scan,FALSE,DR32,D-4,0.48,7,6,0.18,40:42.2,,Emergency,48:30.4,13:06.3,0,1,Online,2024,Feb,11,Sun,TRUE,1,-4.3,,,5.790022633,4.409977367,20.18333333,33.55,82.93333333,15.15,164.0333333,157.7166667,14,6,2,Medium,"(5.0, 7.0]","(2.999, 6.0]","(0.099, 0.2]"
P100041,Adult (36-60),Oncology,Follow-up,Private,Emergency,27-03-2024,27-03-2024 15:30,27-03-2024 15:36,27-03-2024 15:38,27-03-2024 15:47,27-03-2024 16:35,27-03-2024 16:46,27-03-2024 17:48,27-03-2024 18:12,Urgent,Acute illness,Comprehensive labs,FALSE,DR5,B-9,0.93,7,12,0.13,36:56.2,46:02.3,Oncology,42:48.3,35:26.3,1,0,Walk-in,2024,Mar,27,Wed,FALSE,1,6.933333333,9.10491585,-7.238249183,4.004908667,5.045091333,47.58333333,11.43333333,61.81666667,23.71666667,155.4666667,162.4,15,2,3,Very High,"(5.0, 7.0]","(9.0, 12.0]","(0.099, 0.2]"
P100042,Pediatric (0-17),General Surgery,Specialist Referral,Medicaid,Scheduled,14-01-2024,14-01-2024 16:30,14-01-2024 16:21,14-01-2024 16:23,14-01-2024 16:38,14-01-2024 16:44,14-01-2024 16:53,14-01-2024 16:53,14-01-2024 17:53,Emergency,Chronic condition,None,TRUE,DR16,D-6,0.66,8,4,0.15,21:14.1,,General Surgery,33:57.0,44:37.2,0,1,Online,2024,Jan,14,Sun,TRUE,1,-8.766666667,,,10.3664904,4.416842933,6.25,9.35,0,59.35,92.08333333,80.96666667,16,6,1,High,"(7.0, 8.0]","(2.999, 6.0]","(0.099, 0.2]"
P100043,Pediatric (0-17),Radiology,Urgent Care,Medicare,Scheduled,25-03-2024,25-03-2024 09:00,25-03-2024 08:40,25-03-2024 08:42,25-03-2024 08:49,25-03-2024 09:43,25-03-2024 10:15,25-03-2024 11:31,25-03-2024 11:50,Semi-urgent,Consultation,Ultrasound,FALSE,DR4,D-6,0.71,6,12,0.23,40:16.3,,Radiology,46:11.9,43:28.6,0,1,Online,2024,Mar,25,Mon,FALSE,1,-19.73333333,,,3.548460817,3.301539183,53.96666667,31.66666667,76.78333333,18.1,189.75,167.6333333,8,0,3,High,"(5.0, 7.0]","(9.0, 12.0]","(0.2, 0.3]"
P100044,Adult (36-60),Orthopedics,Follow-up,Medicare,Scheduled,01-01-2024,01-01-2024 09:00,01-01-2024 09:11,01-01-2024 09:13,01-01-2024 09:27,01-01-2024 09:53,01-01-2024 10:12,01-01-2024 10:44,01-01-2024 12:40,Semi-urgent,Vaccination,Ultrasound,TRUE,DR41,D-11,0.74,4,8,0.31,11:18.5,,Orthopedics,24:55.9,53:31.7,0,1,Online,2024,Jan,1,Mon,FALSE,1,11.3,,,11.61499053,2.085009467,26.5,18.66666667,32.13333333,116.3333333,209.35,218.6333333,9,0,1,High,"(3.0, 5.0]","(6.0, 9.0]","(0.3, 0.4]"
P100045,Senior (61+),Obstetrics,Specialist Referral,Private,Walk-in,27-02-2024,27-02-2024 16:15,27-02-2024 15:52,27-02-2024 15:54,27-02-2024 16:04,27-02-2024 17:00,27-02-2024 17:26,27-02-2024 21:15,27-02-2024 22:54,Non-urgent,Post-operative,Multiple tests,TRUE,DR22,A-3,0.39,7,13,0.26,52:23.2,55:21.0,Obstetrics,58:57.9,00:45.3,1,0,Walk-in,2024,Feb,27,Tue,FALSE,1,-22.61666667,2.967002067,-0.867002067,4.48211615,5.234550517,56.55,25.45,229.5,98.56666667,421.8833333,399.2666667,15,1,2,Low,"(5.0, 7.0]","(12.0, 15.0]","(0.2, 0.3]"
P100046,Senior (61+),Obstetrics,Specialist Referral,None,Walk-in,31-03-2024,31-03-2024 10:45,31-03-2024 10:32,31-03-2024 10:36,31-03-2024 10:44,31-03-2024 11:58,31-03-2024 12:15,31-03-2024 12:15,31-03-2024 12:25,Non-urgent,Consultation,None,FALSE,DR42,D-3,0.61,6,8,0.45,32:29.6,36:31.6,Obstetrics,42:54.5,58:47.9,1,0,Walk-in,2024,Mar,31,Sun,TRUE,1,-12.51666667,4.0438198,0.122846867,6.258176367,1.991823633,73.88333333,16.35,0,10.23333333,112.8833333,100.3666667,10,6,3,Medium,"(5.0, 7.0]","(6.0, 9.0]","(0.4, 0.5]"
P100047,Senior (61+),Pediatrics,New Patient,Self-pay,Scheduled,22-02-2024,22-02-2024 16:15,22-02-2024 16:12,22-02-2024 16:16,22-02-2024 16:21,22-02-2024 16:40,22-02-2024 16:54,22-02-2024 17:32,22-02-2024 17:44,Urgent,Diagnostic testing,Basic labs,FALSE,DR38,A-14,0.74,5,6,0.15,12:21.4,,Pediatrics,16:34.8,40:16.7,0,1,Online,2024,Feb,22,Thu,FALSE,1,-2.65,,,0.246553783,5.320112883,18.36666667,14.41666667,37.75,11.88333333,91.96666667,85.33333333,16,3,2,High,"(3.0, 5.0]","(2.999, 6.0]","(0.099, 0.2]"
P100048,Pediatric (0-17),Cardiology,New Patient,Medicare,Scheduled,22-01-2024,22-01-2024 11:45,22-01-2024 11:44,22-01-2024 11:45,22-01-2024 11:51,22-01-2024 12:40,22-01-2024 13:04,22-01-2024 14:14,22-01-2024 15:26,Non-urgent,Acute illness,CT scan,TRUE,DR7,B-14,0.77,5,13,0.15,44:43.8,,Cardiology,45:21.5,40:01.7,0,1,Online,2024,Jan,22,Mon,FALSE,1,-0.283333333,,,-0.39092565,5.924258983,48.73333333,24.31666667,69.8,72.2,221.6166667,220.3,11,0,1,High,"(3.0, 5.0]","(12.0, 15.0]","(0.099, 0.2]"
P100049,Senior (61+),Internal Medicine,Urgent Care,Self-pay,Scheduled,04-02-2024,04-02-2024 12:15,04-02-2024 12:10,04-02-2024 12:13,04-02-2024 12:17,04-02-2024 12:49,04-02-2024 13:11,04-02-2024 13:52,04-02-2024 14:06,Urgent,Acute illness,CT scan,FALSE,DR12,C-11,0.68,4,6,0.23,10:08.5,,Internal Medicine,13:57.5,49:26.3,0,1,Online,2024,Feb,4,Sun,TRUE,1,-4.866666667,,,0.4915206,3.675146067,31.8,21.96666667,41.26666667,13.53333333,116.0666667,107.8666667,12,6,2,High,"(3.0, 5.0]","(2.999, 6.0]","(0.2, 0.3]"
P100050,Pediatric (0-17),Internal Medicine,Specialist Referral,Private,Emergency,07-01-2024,07-01-2024 13:45,07-01-2024 13:33,07-01-2024 13:38,07-01-2024 13:39,07-01-2024 15:04,07-01-2024 15:28,07-01-2024 15:44,07-01-2024 17:54,Semi-urgent,Acute illness,Basic labs,TRUE,DR25,C-15,0.57,5,11,0.33,33:12.9,38:22.6,Internal Medicine,34:00.0,04:45.6,1,0,Walk-in,2024,Jan,7,Sun,TRUE,1,-11.8,5.177032633,-0.2436993,-4.132774517,5.132774517,85.61666667,23.71666667,16.2,129.9,261.3666667,249.5666667,13,6,1,Medium,"(3.0, 5.0]","(9.0, 12.0]","(0.3, 0.4]"
P100051,Senior (61+),Internal Medicine,Specialist Referral,Medicare,Scheduled,05-03-2024,05-03-2024 11:30,05-03-2024 11:16,05-03-2024 11:17,05-03-2024 11:26,05-03-2024 11:57,05-03-2024 12:18,05-03-2024 13:02,05-03-2024 13:10,Non-urgent,Injury,Basic labs,FALSE,DR48,C-8,0.81,2,4,0.4,16:17.5,,Internal Medicine,20:25.9,57:42.8,0,1,Online,2024,Mar,5,Tue,FALSE,1,-13.71666667,,,2.914682983,5.96865035,31.3,21.01666667,43.55,8.633333333,114.6166667,99.66666667,11,1,3,Very High,"(1.999, 3.0]","(2.999, 6.0]","(0.3, 0.4]"
P100052,Senior (61+),Neurology,Urgent Care,Self-pay,Scheduled,21-01-2024,21-01-2024 15:00,21-01-2024 15:10,21-01-2024 15:13,21-01-2024 15:25,21-01-2024 16:01,21-01-2024 16:14,21-01-2024 16:14,21-01-2024 18:01,Semi-urgent,Prescription renewal,None,TRUE,DR45,D-1,0.69,3,9,0.5,10:16.3,,Neurology,20:18.6,01:42.0,0,1,Online,2024,Jan,21,Sun,TRUE,1,10.26666667,,,7.16056935,4.88943065,36.5,12.9,0,106.7666667,171.1,178.4833333,15,6,1,High,"(1.999, 3.0]","(6.0, 9.0]","(0.4, 0.5]"
P100053,Pediatric (0-17),Oncology,New Patient,Private,Scheduled,27-03-2024,27-03-2024 16:00,27-03-2024 15:59,27-03-2024 16:03,27-03-2024 16:14,27-03-2024 17:02,27-03-2024 17:31,27-03-2024 18:24,27-03-2024 18:38,Non-urgent,Routine checkup,Ultrasound,FALSE,DR26,B-8,0.56,8,15,0.38,59:12.2,,Oncology,11:18.0,02:23.4,0,1,Online,2024,Mar,27,Wed,FALSE,1,-0.8,,,7.43284315,2.96715685,48.11666667,28.73333333,53.73333333,13.85,159.5,154.0333333,15,2,3,Medium,"(7.0, 8.0]","(12.0, 15.0]","(0.3, 0.4]"
P100054,Adult (36-60),Cardiology,Follow-up,None,Scheduled,18-03-2024,18-03-2024 11:00,18-03-2024 11:12,18-03-2024 11:13,18-03-2024 11:25,18-03-2024 11:29,18-03-2024 11:52,18-03-2024 12:31,18-03-2024 12:33,Urgent,Chronic condition,CT scan,FALSE,DR12,D-14,0.63,5,4,0.46,12:08.9,,Cardiology,21:36.4,29:56.3,0,1,Online,2024,Mar,18,Mon,FALSE,1,12.13333333,,,8.373233317,3.59343335,4.733333333,22.3,38.76666667,2,80.86666667,91.9,11,0,3,Medium,"(3.0, 5.0]","(2.999, 6.0]","(0.4, 0.5]"
P100055,Pediatric (0-17),Radiology,Specialist Referral,Medicaid,Walk-in,04-02-2024,04-02-2024 11:00,04-02-2024 10:50,04-02-2024 10:54,04-02-2024 10:56,04-02-2024 11:23,04-02-2024 11:43,04-02-2024 12:41,04-02-2024 14:42,Semi-urgent,Injury,Stress test,TRUE,DR37,B-8,0.53,6,12,0.3,50:15.2,54:38.2,Radiology,51:44.7,23:09.0,1,0,Walk-in,2024,Feb,4,Sun,TRUE,1,-9.75,4.386358317,-0.603024983,-2.288707417,4.605374083,26.78333333,20.78333333,57.56666667,121.2166667,232.45,222.7,10,6,2,Medium,"(5.0, 7.0]","(9.0, 12.0]","(0.2, 0.3]"
P100056,Pediatric (0-17),Pediatrics,New Patient,Medicare,Walk-in,02-01-2024,02-01-2024 09:00,02-01-2024 09:06,02-01-2024 09:07,02-01-2024 09:15,02-01-2024 09:33,02-01-2024 09:53,02-01-2024 09:53,02-01-2024 10:03,Semi-urgent,Injury,None,FALSE,DR11,A-7,0.79,8,4,0.38,06:25.3,10:53.3,Pediatrics,12:39.3,33:33.5,1,0,Walk-in,2024,Jan,2,Tue,FALSE,1,6.416666667,4.471011567,-3.037678233,4.804863183,2.345136817,18.55,20.13333333,0,9.583333333,56.85,63.26666667,9,1,1,High,"(7.0, 8.0]","(2.999, 6.0]","(0.3, 0.4]"
P100057,Adult (36-60),Oncology,Urgent Care,Private,Scheduled,05-02-2024,05-02-2024 10:30,05-02-2024 10:06,05-02-2024 10:09,05-02-2024 10:17,05-02-2024 10:41,05-02-2024 11:03,05-02-2024 12:36,05-02-2024 12:42,Non-urgent,Injury,CT scan,FALSE,DR25,C-8,0.74,2,9,0.15,06:56.0,,Oncology,12:44.4,41:06.8,0,1,Online,2024,Feb,5,Mon,FALSE,1,-23.08333333,,,3.623102,5.210231333,23.15,22.76666667,92.33333333,6.75,156.0333333,130.75,10,0,2,High,"(1.999, 3.0]","(6.0, 9.0]","(0.099, 0.2]"
P100058,Senior (61+),Emergency,Specialist Referral,Private,Emergency,29-01-2024,29-01-2024 09:45,29-01-2024 09:51,29-01-2024 09:54,29-01-2024 09:55,29-01-2024 11:50,29-01-2024 11:55,29-01-2024 12:45,29-01-2024 13:41,Non-urgent,Post-operative,X-ray,TRUE,DR38,D-3,0.48,5,12,0.28,51:35.0,01:33.6,Emergency,52:01.4,50:34.0,1,0,Walk-in,2024,Jan,29,Mon,FALSE,1,6.566666667,9.992687233,-7.392687233,-2.143621417,3.143621417,115.4,5,50.08333333,56.06666667,230.15,236.7166667,9,0,1,Medium,"(3.0, 5.0]","(9.0, 12.0]","(0.2, 0.3]"
P100059,Young Adult (18-35),Internal Medicine,New Patient,Medicare,Scheduled,16-03-2024,16-03-2024 15:15,16-03-2024 15:00,16-03-2024 15:03,16-03-2024 15:06,16-03-2024 15:25,16-03-2024 15:34,16-03-2024 15:34,16-03-2024 16:21,Non-urgent,Consultation,None,TRUE,DR42,B-5,0.7,6,12,0.16,00:12.4,,Internal Medicine,03:16.0,25:27.7,0,1,Online,2024,Mar,16,Sat,TRUE,1,-14.8,,,0.11648025,3.600186417,18.58333333,8.8,0,47.71666667,81.76666667,64.01666667,15,5,3,High,"(5.0, 7.0]","(9.0, 12.0]","(0.099, 0.2]"
P100060,Young Adult (18-35),Oncology,Specialist Referral,Medicaid,Scheduled,26-03-2024,26-03-2024 12:45,26-03-2024 12:14,26-03-2024 12:15,26-03-2024 12:24,26-03-2024 13:25,26-03-2024 13:52,26-03-2024 14:15,26-03-2024 16:24,Semi-urgent,Injury,X-ray,TRUE,DR19,C-14,0.64,3,13,0.45,14:09.4,,Oncology,18:53.7,25:24.0,0,1,Online,2024,Mar,26,Tue,FALSE,1,-30.85,,,3.161359567,5.888640433,60.6,27.6,22.4,129.25,250.4833333,218.05,12,1,3,High,"(1.999, 3.0]","(12.0, 15.0]","(0.4, 0.5]"
P100061,Adult (36-60),Cardiology,Specialist Referral,Medicaid,Scheduled,15-03-2024,15-03-2024 12:45,15-03-2024 12:20,15-03-2024 12:23,15-03-2024 12:28,15-03-2024 13:31,15-03-2024 13:45,15-03-2024 14:41,15-03-2024 14:53,Semi-urgent,Prescription renewal,Comprehensive labs,FALSE,DR27,B-13,0.46,2,6,0.13,20:09.3,,Cardiology,23:34.2,31:22.0,0,1,Online,2024,Mar,15,Fri,FALSE,1,-24.85,,,0.553909383,4.82942395,62.95,14.33333333,55.48333333,12.63333333,153.65,125.9333333,12,4,3,Low,"(1.999, 3.0]","(2.999, 6.0]","(0.099, 0.2]"
P100062,Senior (61+),Radiology,Follow-up,Medicare,Scheduled,21-02-2024,21-02-2024 11:15,21-02-2024 10:58,21-02-2024 11:00,21-02-2024 11:09,21-02-2024 11:14,21-02-2024 11:31,21-02-2024 12:06,21-02-2024 12:22,Emergency,Vaccination,Basic labs,FALSE,DR12,B-4,0.86,6,7,0.15,58:03.3,,Radiology,03:35.9,14:04.8,0,1,Online,2024,Feb,21,Wed,FALSE,1,-16.95,,,3.347681083,5.902318917,4.566666667,17.05,35.03333333,16.23333333,84.33333333,65.18333333,10,2,2,Very High,"(5.0, 7.0]","(6.0, 9.0]","(0.099, 0.2]"
P100063,Senior (61+),Pediatrics,Urgent Care,Private,Scheduled,03-03-2024,03-03-2024 16:45,03-03-2024 16:11,03-03-2024 16:15,03-03-2024 16:20,03-03-2024 18:44,03-03-2024 19:14,03-03-2024 19:59,03-03-2024 21:16,Non-urgent,Prescription renewal,Basic labs,TRUE,DR39,B-7,0.54,2,4,0.17,11:56.7,,Pediatrics,14:35.1,44:38.2,0,1,Online,2024,Mar,3,Sun,TRUE,1,-33.06666667,,,-1.314516667,5.89785,144.15,29.75,44.75,77.76666667,304.9666667,267.9333333,16,6,3,Medium,"(1.999, 3.0]","(2.999, 6.0]","(0.099, 0.2]"
P100064,Senior (61+),Emergency,Urgent Care,Medicare,Scheduled,15-03-2024,15-03-2024 10:00,15-03-2024 10:08,15-03-2024 10:10,15-03-2024 10:29,15-03-2024 11:42,15-03-2024 11:48,15-03-2024 11:48,15-03-2024 11:57,Semi-urgent,Post-operative,None,FALSE,DR30,D-8,0.61,7,9,0.43,08:34.7,,Emergency,25:19.7,42:40.9,0,1,Online,2024,Mar,15,Fri,FALSE,1,8.566666667,,,14.59488805,3.85511195,73.48333333,5.5,0,9.066666667,108.6666667,115.0666667,10,4,3,Medium,"(5.0, 7.0]","(6.0, 9.0]","(0.4, 0.5]"
P100065,Adult (36-60),Radiology,Urgent Care,Medicaid,Scheduled,23-03-2024,23-03-2024 16:45,23-03-2024 16:58,23-03-2024 17:03,23-03-2024 17:07,23-03-2024 17:45,23-03-2024 18:06,23-03-2024 20:37,23-03-2024 21:54,Non-urgent,Vaccination,MRI,TRUE,DR19,A-13,0.91,6,10,0.27,58:45.1,,Radiology,02:05.9,45:52.5,0,1,Online,2024,Mar,23,Sat,TRUE,1,13.75,,,-1.318409067,5.0517424,38.71666667,20.73333333,150.6333333,77.26666667,295.75,304.8333333,16,5,3,Very High,"(5.0, 7.0]","(9.0, 12.0]","(0.2, 0.3]"
P100066,Pediatric (0-17),Neurology,Follow-up,None,Scheduled,03-03-2024,03-03-2024 12:45,03-03-2024 12:07,03-03-2024 12:10,03-03-2024 12:18,03-03-2024 15:40,03-03-2024 16:00,03-03-2024 17:01,03-03-2024 17:03,Non-urgent,Consultation,Stress test,FALSE,DR42,A-10,0.36,6,6,0.18,07:27.4,,Neurology,13:10.9,40:34.6,0,1,Online,2024,Mar,3,Sun,TRUE,1,-37.55,,,2.848197267,5.251802733,202.1333333,20.26666667,60.9,2,296.2833333,255.85,12,6,3,Low,"(5.0, 7.0]","(2.999, 6.0]","(0.099, 0.2]"
P100067,Adult (36-60),Internal Medicine,Urgent Care,Medicaid,Scheduled,17-01-2024,17-01-2024 11:15,17-01-2024 11:06,17-01-2024 11:09,17-01-2024 11:23,17-01-2024 11:33,17-01-2024 11:48,17-01-2024 11:48,17-01-2024 12:40,Emergency,Acute illness,None,TRUE,DR31,B-12,0.53,2,14,0.12,06:18.6,,Internal Medicine,18:51.0,33:14.5,0,1,Online,2024,Jan,17,Wed,FALSE,1,-8.7,,,9.817325317,4.566008017,9.816666667,15.06666667,0,52.15,94.15,82.71666667,11,2,1,Medium,"(1.999, 3.0]","(12.0, 15.0]","(0.099, 0.2]"
P100068,Pediatric (0-17),Orthopedics,Follow-up,None,Scheduled,27-03-2024,27-03-2024 14:15,27-03-2024 13:46,27-03-2024 13:49,27-03-2024 13:54,27-03-2024 14:39,27-03-2024 14:55,27-03-2024 14:55,27-03-2024 15:03,Semi-urgent,Consultation,None,FALSE,DR4,A-2,0.65,3,3,0.43,46:51.3,,Orthopedics,49:20.2,39:21.6,0,1,Online,2024,Mar,27,Wed,FALSE,1,-28.15,,,-0.6462757,5.579609033,44.43333333,16.05,0,8.3,76.85,45.56666667,13,2,3,High,"(1.999, 3.0]","(2.999, 6.0]","(0.4, 0.5]"
P100069,Pediatric (0-17),Pediatrics,Urgent Care,Self-pay,Scheduled,12-03-2024,12-03-2024 12:00,12-03-2024 11:57,12-03-2024 11:59,12-03-2024 12:02,12-03-2024 12:30,12-03-2024 13:02,12-03-2024 13:33,12-03-2024 13:42,Semi-urgent,Post-operative,Ultrasound,FALSE,DR26,B-10,0.54,5,10,0.26,57:29.6,,Pediatrics,00:15.7,30:25.4,0,1,Online,2024,Mar,12,Tue,FALSE,1,-2.516666667,,,0.611662617,2.288337383,27.86666667,32.08333333,31.15,8.416666667,104.5833333,99.9,11,1,3,Medium,"(3.0, 5.0]","(9.0, 12.0]","(0.2, 0.3]"
P100070,Pediatric (0-17),Pediatrics,Follow-up,Medicaid,Scheduled,17-02-2024,17-02-2024 08:15,17-02-2024 08:03,17-02-2024 08:07,17-02-2024 08:14,17-02-2024 08:35,17-02-2024 09:07,17-02-2024 10:31,17-02-2024 11:22,Non-urgent,Post-operative,Ultrasound,TRUE,DR11,D-9,0.6,5,15,0.34,03:09.9,,Pediatrics,11:06.0,35:52.6,0,1,Online,2024,Feb,17,Sat,TRUE,1,-11.85,,,4.016578467,2.9000882,21.86666667,31.68333333,83.53333333,51.53333333,199.4666667,183.6833333,8,5,2,Medium,"(3.0, 5.0]","(12.0, 15.0]","(0.3, 0.4]"
P100071,Senior (61+),Emergency,Follow-up,Medicaid,Scheduled,22-01-2024,22-01-2024 16:00,22-01-2024 15:48,22-01-2024 15:50,22-01-2024 15:52,22-01-2024 16:24,22-01-2024 16:54,22-01-2024 17:12,22-01-2024 17:22,Semi-urgent,Acute illness,Basic labs,FALSE,DR6,A-14,0.73,3,11,0.21,48:40.5,,Emergency,47:22.1,24:40.7,0,1,Online,2024,Jan,22,Mon,FALSE,1,-11.33333333,,,-2.797680917,5.247680917,32.05,30.11666667,18.16666667,9.35,93.63333333,80.8,15,0,1,High,"(1.999, 3.0]","(9.0, 12.0]","(0.2, 0.3]"
P100072,Senior (61+),Pediatrics,Specialist Referral,Medicaid,Scheduled,20-03-2024,20-03-2024 14:00,20-03-2024 13:33,20-03-2024 13:36,20-03-2024 13:46,20-03-2024 14:03,20-03-2024 14:11,20-03-2024 15:39,20-03-2024 16:10,Semi-urgent,Diagnostic testing,CT scan,TRUE,DR29,D-10,0.85,3,4,0.13,33:51.0,,Pediatrics,42:02.7,03:44.8,0,1,Online,2024,Mar,20,Wed,FALSE,1,-26.15,,,5.662189567,4.337810433,17.35,7.483333333,87.95,31.75,157.0666667,128.3833333,13,2,3,Very High,"(1.999, 3.0]","(2.999, 6.0]","(0.099, 0.2]"
P100073,Young Adult (18-35),Pediatrics,Specialist Referral,Self-pay,Scheduled,12-03-2024,12-03-2024 10:00,12-03-2024 09:37,12-03-2024 09:41,12-03-2024 09:47,12-03-2024 10:27,12-03-2024 10:34,12-03-2024 11:28,12-03-2024 12:12,Non-urgent,Follow-up procedure,X-ray,TRUE,DR1,B-10,0.3,2,15,0.18,37:33.9,,Pediatrics,41:51.2,27:36.0,0,1,Online,2024,Mar,12,Tue,FALSE,1,-22.45,,,0.620656267,5.712677067,40.01666667,6.6,53.86666667,44.18333333,154.6833333,128.55,9,1,3,Low,"(1.999, 3.0]","(12.0, 15.0]","(0.099, 0.2]"
P100074,Senior (61+),Obstetrics,Follow-up,Private,Scheduled,17-01-2024,17-01-2024 11:30,17-01-2024 11:45,17-01-2024 11:49,17-01-2024 11:55,17-01-2024 13:19,17-01-2024 13:44,17-01-2024 14:40,17-01-2024 14:54,Non-urgent,Post-operative,CT scan,FALSE,DR26,D-4,0.48,4,12,0.34,45:56.9,,Obstetrics,50:26.2,19:03.3,0,1,Online,2024,Jan,17,Wed,FALSE,1,15.93333333,,,0.7534929,4.663173767,83.95,24.95,56.76666667,13.61666667,188.45,200.6333333,11,2,1,Medium,"(3.0, 5.0]","(9.0, 12.0]","(0.3, 0.4]"
P100075,Young Adult (18-35),General Surgery,Specialist Referral,Medicare,Walk-in,22-03-2024,22-03-2024 08:00,22-03-2024 07:44,22-03-2024 07:47,22-03-2024 07:58,22-03-2024 08:28,22-03-2024 09:04,22-03-2024 09:45,22-03-2024 11:09,Non-urgent,Follow-up procedure,X-ray,TRUE,DR18,C-7,0.7,4,3,0.16,44:40.2,48:18.0,General Surgery,53:31.8,28:44.8,1,0,Walk-in,2024,Mar,22,Fri,FALSE,1,-15.33333333,3.633068983,-0.516402317,5.74694445,4.55305555,30.65,35.45,40.96666667,84.08333333,204.5666667,189.2333333,7,4,3,High,"(3.0, 5.0]","(2.999, 6.0]","(0.099, 0.2]"
P100076,Senior (61+),Cardiology,Urgent Care,Private,Emergency,16-02-2024,16-02-2024 16:15,16-02-2024 15:52,16-02-2024 15:56,16-02-2024 16:02,16-02-2024 16:12,16-02-2024 16:24,16-02-2024 16:24,16-02-2024 18:24,Urgent,Vaccination,None,TRUE,DR39,D-6,0.86,7,3,0.2,52:44.5,59:29.7,Cardiology,00:04.7,12:41.9,1,0,Walk-in,2024,Feb,16,Fri,FALSE,1,-22.26666667,6.762031017,-3.028697683,3.610919867,2.5557468,10.05,12.25,0,119.3666667,151.5666667,129.3,15,4,2,Very High,"(5.0, 7.0]","(2.999, 6.0]","(0.099, 0.2]"
P100077,Young Adult (18-35),Internal Medicine,Urgent Care,Self-pay,Walk-in,29-03-2024,29-03-2024 12:00,29-03-2024 11:37,29-03-2024 11:39,29-03-2024 11:46,29-03-2024 15:04,29-03-2024 15:19,29-03-2024 16:43,29-03-2024 16:49,Non-urgent,Follow-up procedure,CT scan,FALSE,DR30,C-14,0.8,5,6,0.2,37:43.6,40:58.7,Internal Medicine,40:36.9,04:15.2,1,0,Walk-in,2024,Mar,29,Fri,FALSE,1,-22.28333333,3.262473933,-1.745807267,1.3819504,5.884716267,197.75,15.68333333,83.83333333,5.566666667,311.6166667,289.3333333,11,4,3,Very High,"(3.0, 5.0]","(2.999, 6.0]","(0.099, 0.2]"
P100078,Senior (61+),Obstetrics,Urgent Care,Self-pay,Scheduled,10-03-2024,10-03-2024 13:45,10-03-2024 14:03,10-03-2024 14:07,10-03-2024 14:13,10-03-2024 15:48,10-03-2024 16:11,10-03-2024 16:34,10-03-2024 18:35,Non-urgent,Follow-up procedure,Basic labs,TRUE,DR21,D-15,0.86,2,13,0.49,03:16.1,,Obstetrics,09:18.4,48:09.6,0,1,Online,2024,Mar,10,Sun,TRUE,1,18.26666667,,,1.42308445,3.993582217,94.85,23.23333333,22.78333333,120.9666667,271.8666667,285.5166667,14,6,3,Very High,"(1.999, 3.0]","(12.0, 15.0]","(0.4, 0.5]"
P100079,Adult (36-60),Neurology,Follow-up,Private,Scheduled,24-01-2024,24-01-2024 12:30,24-01-2024 12:33,24-01-2024 12:37,24-01-2024 12:45,24-01-2024 14:12,24-01-2024 14:31,24-01-2024 15:24,24-01-2024 15:33,Non-urgent,Prescription renewal,CT scan,FALSE,DR32,A-15,0.62,8,5,0.3,33:30.2,,Neurology,40:24.3,12:55.1,0,1,Online,2024,Jan,24,Wed,FALSE,1,3.5,,,3.322067717,4.727932283,87.78333333,18.98333333,52.46666667,8.983333333,179.85,179.7666667,12,2,1,Medium,"(7.0, 8.0]","(2.999, 6.0]","(0.2, 0.3]"
P100080,Senior (61+),Orthopedics,Follow-up,Medicaid,Scheduled,08-01-2024,08-01-2024 08:00,08-01-2024 07:30,08-01-2024 07:32,08-01-2024 07:40,08-01-2024 08:13,08-01-2024 08:32,08-01-2024 09:14,08-01-2024 10:12,Urgent,Diagnostic testing,Ultrasound,TRUE,DR27,C-12,0.7,2,4,0.47,30:17.6,,Orthopedics,34:30.1,13:57.7,0,1,Online,2024,Jan,8,Mon,FALSE,1,-29.71666667,,,1.702267283,5.497732717,33.95,18.9,41.9,57.56666667,162.0333333,129.8,7,0,1,High,"(1.999, 3.0]","(2.999, 6.0]","(0.4, 0.5]"
P100081,Pediatric (0-17),Radiology,New Patient,Medicaid,Walk-in,15-03-2024,15-03-2024 15:30,15-03-2024 15:07,15-03-2024 15:12,15-03-2024 15:18,15-03-2024 15:55,15-03-2024 16:07,15-03-2024 17:06,15-03-2024 19:05,Semi-urgent,Routine checkup,Comprehensive labs,TRUE,DR39,C-12,0.3,7,5,0.32,07:39.2,13:28.7,Radiology,14:57.0,55:43.5,1,0,Walk-in,2024,Mar,15,Fri,FALSE,1,-22.35,5.82850755,-1.295174217,2.766627467,3.3500392,37.41666667,11.71666667,59.08333333,119.0166667,237.8833333,215.5333333,15,4,3,Low,"(5.0, 7.0]","(2.999, 6.0]","(0.3, 0.4]"
P100082,Senior (61+),Oncology,Follow-up,Self-pay,Scheduled,17-03-2024,17-03-2024 08:45,17-03-2024 08:03,17-03-2024 08:07,17-03-2024 08:14,17-03-2024 09:11,17-03-2024 09:28,17-03-2024 09:56,17-03-2024 10:09,Urgent,Follow-up procedure,Basic labs,FALSE,DR42,A-3,0.65,2,7,0.11,03:00.2,,Oncology,08:37.0,11:37.6,0,1,Online,2024,Mar,17,Sun,TRUE,1,-42,,,1.566067783,5.800598883,57.2,16.4,28.53333333,12.55,126.1,80.05,8,6,3,High,"(1.999, 3.0]","(6.0, 9.0]","(0.099, 0.2]"
P100083,Senior (61+),Neurology,New Patient,Private,Scheduled,16-02-2024,16-02-2024 09:45,16-02-2024 09:36,16-02-2024 09:41,16-02-2024 09:51,16-02-2024 11:49,16-02-2024 12:10,16-02-2024 13:22,16-02-2024 15:25,Non-urgent,Prescription renewal,Comprehensive labs,TRUE,DR19,C-10,0.66,8,6,0.18,36:41.9,,Neurology,48:51.6,49:54.3,0,1,Online,2024,Feb,16,Fri,FALSE,1,-8.316666667,,,7.610409317,2.95625735,118.0833333,20.68333333,71.75,123.3666667,349.0166667,336.1333333,9,4,2,High,"(7.0, 8.0]","(2.999, 6.0]","(0.099, 0.2]"
P100084,Senior (61+),Oncology,New Patient,Self-pay,Walk-in,15-03-2024,15-03-2024 10:30,15-03-2024 10:35,15-03-2024 10:37,15-03-2024 10:44,15-03-2024 11:10,15-03-2024 11:32,15-03-2024 12:12,15-03-2024 12:22,Emergency,Chronic condition,Ultrasound,FALSE,DR2,B-13,0.38,6,13,0.11,35:03.1,37:31.7,Oncology,39:15.1,10:01.1,1,0,Walk-in,2024,Mar,15,Fri,FALSE,1,5.05,2.479143917,-0.01247725,1.734502367,5.348830967,25.41666667,22.65,39.73333333,9.766666667,107.1166667,112.1666667,10,4,3,Low,"(5.0, 7.0]","(12.0, 15.0]","(0.099, 0.2]"
P100085,Young Adult (18-35),General Surgery,Follow-up,None,Emergency,28-02-2024,28-02-2024 10:00,28-02-2024 09:31,28-02-2024 09:34,28-02-2024 09:38,28-02-2024 09:39,28-02-2024 09:44,28-02-2024 10:30,28-02-2024 10:37,Emergency,Diagnostic testing,CT scan,FALSE,DR24,B-3,0.69,5,6,0.45,31:07.1,34:17.8,General Surgery,35:42.4,39:47.3,1,0,Walk-in,2024,Feb,28,Wed,FALSE,1,-28.88333333,3.18001255,0.086654117,1.323398867,2.759934467,1.316666667,5,45.63333333,6.966666667,66.26666667,37.38333333,9,2,2,High,"(3.0, 5.0]","(2.999, 6.0]","(0.4, 0.5]"
P100086,Adult (36-60),Internal Medicine,Follow-up,Private,Scheduled,12-03-2024,12-03-2024 16:00,12-03-2024 15:27,12-03-2024 15:31,12-03-2024 15:37,12-03-2024 16:08,12-03-2024 16:26,12-03-2024 16:26,12-03-2024 17:13,Urgent,Chronic condition,None,TRUE,DR42,C-3,0.74,8,6,0.34,27:13.4,,Internal Medicine,31:33.4,08:38.5,0,1,Online,2024,Mar,12,Tue,FALSE,1,-32.78333333,,,-0.32736855,5.860701883,31.21666667,18.28333333,0,47,106.7,69.25,15,1,3,High,"(7.0, 8.0]","(2.999, 6.0]","(0.3, 0.4]"
P100087,Senior (61+),Orthopedics,Specialist Referral,Medicare,Walk-in,04-02-2024,04-02-2024 11:15,04-02-2024 11:14,04-02-2024 11:17,04-02-2024 11:19,04-02-2024 11:37,04-02-2024 11:47,04-02-2024 12:19,04-02-2024 12:28,Non-urgent,Routine checkup,Ultrasound,FALSE,DR18,D-11,0.94,4,5,0.31,14:31.2,17:09.7,Orthopedics,16:07.8,37:26.0,1,0,Walk-in,2024,Feb,4,Sun,TRUE,1,-0.483333333,2.644284067,0.339049267,-1.369177017,3.685843683,17.6,10.48333333,31.63333333,8.483333333,73.5,73.01666667,11,6,2,Very High,"(3.0, 5.0]","(2.999, 6.0]","(0.3, 0.4]"
P100088,Adult (36-60),General Surgery,Urgent Care,Medicare,Walk-in,24-01-2024,24-01-2024 16:15,24-01-2024 16:05,24-01-2024 16:07,24-01-2024 16:12,24-01-2024 18:50,24-01-2024 18:55,24-01-2024 19:29,24-01-2024 20:23,Semi-urgent,Consultation,Comprehensive labs,TRUE,DR11,D-4,0.36,4,15,0.32,05:35.0,08:11.1,General Surgery,09:47.1,50:15.8,1,0,Walk-in,2024,Jan,24,Wed,FALSE,1,-9.433333333,2.6175113,-0.850844633,2.45124255,2.215424117,158.25,5,34.46666667,54.01666667,258.1666667,248.7333333,16,2,1,Low,"(3.0, 5.0]","(12.0, 15.0]","(0.3, 0.4]"
P100089,Senior (61+),Neurology,Specialist Referral,None,Walk-in,13-02-2024,13-02-2024 15:15,13-02-2024 14:56,13-02-2024 14:59,13-02-2024 15:02,13-02-2024 17:22,13-02-2024 17:59,13-02-2024 18:31,13-02-2024 18:40,Non-urgent,Acute illness,Comprehensive labs,FALSE,DR38,D-5,0.68,2,8,0.41,56:37.7,02:24.4,Neurology,57:34.1,22:06.7,1,0,Walk-in,2024,Feb,13,Tue,FALSE,1,-18.38333333,5.790135583,-2.890135583,-1.948237333,5.264904,139.2666667,37.21666667,31.96666667,9.583333333,224.25,205.8666667,14,1,2,High,"(1.999, 3.0]","(6.0, 9.0]","(0.4, 0.5]"
P100090,Adult (36-60),Radiology,Urgent Care,Medicaid,Scheduled,17-02-2024,17-02-2024 12:30,17-02-2024 12:41,17-02-2024 12:45,17-02-2024 12:51,17-02-2024 13:07,17-02-2024 13:31,17-02-2024 14:46,17-02-2024 14:56,Semi-urgent,Consultation,Comprehensive labs,FALSE,DR3,A-4,0.89,8,10,0.19,41:29.0,,Radiology,49:24.6,07:24.6,0,1,Online,2024,Feb,17,Sat,TRUE,1,11.46666667,,,4.226830167,2.0398365,15.95,24.25,74.61666667,10.71666667,135.5166667,143.2666667,12,5,2,Very High,"(7.0, 8.0]","(9.0, 12.0]","(0.099, 0.2]"
P100091,Senior (61+),General Surgery,New Patient,Medicare,Scheduled,16-02-2024,16-02-2024 09:45,16-02-2024 09:13,16-02-2024 09:18,16-02-2024 09:25,16-02-2024 10:08,16-02-2024 10:21,16-02-2024 10:21,16-02-2024 10:27,Semi-urgent,Injury,None,FALSE,DR16,C-5,0.95,8,10,0.46,13:54.3,,General Surgery,21:22.2,08:44.3,0,1,Online,2024,Feb,16,Fri,FALSE,1,-31.1,,,2.58690895,3.796424383,43.56666667,12.83333333,0,6.233333333,73.9,37.91666667,9,4,2,Very High,"(7.0, 8.0]","(9.0, 12.0]","(0.4, 0.5]"
P100092,Adult (36-60),Neurology,New Patient,None,Scheduled,05-01-2024,05-01-2024 14:30,05-01-2024 14:19,05-01-2024 14:20,05-01-2024 14:28,05-01-2024 14:46,05-01-2024 15:14,05-01-2024 15:38,05-01-2024 15:42,Emergency,Routine checkup,Basic labs,FALSE,DR34,B-4,0.64,8,9,0.46,19:02.3,,Neurology,24:21.9,46:13.2,0,1,Online,2024,Jan,5,Fri,FALSE,1,-10.96666667,,,4.14794905,4.585384283,17.26666667,28.41666667,23.9,4.166666667,83.66666667,71.51666667,14,4,1,High,"(7.0, 8.0]","(6.0, 9.0]","(0.4, 0.5]"
P100093,Young Adult (18-35),Internal Medicine,Specialist Referral,Medicare,Scheduled,21-02-2024,21-02-2024 09:00,21-02-2024 08:36,21-02-2024 08:38,21-02-2024 08:40,21-02-2024 09:02,21-02-2024 09:40,21-02-2024 10:00,21-02-2024 10:05,Semi-urgent,Injury,ECG,FALSE,DR28,C-7,0.68,4,3,0.16,36:40.7,,Internal Medicine,37:01.2,02:56.1,0,1,Online,2024,Feb,21,Wed,FALSE,1,-23.33333333,,,-1.229344583,3.19601125,22.71666667,37.81666667,19.63333333,4.666666667,88.38333333,63.46666667,8,2,2,High,"(3.0, 5.0]","(2.999, 6.0]","(0.099, 0.2]"
P100094,Pediatric (0-17),Obstetrics,Urgent Care,Medicaid,Scheduled,07-03-2024,07-03-2024 09:45,07-03-2024 09:09,07-03-2024 09:11,07-03-2024 09:16,07-03-2024 10:13,07-03-2024 10:44,07-03-2024 11:10,07-03-2024 11:19,Semi-urgent,Follow-up procedure,ECG,FALSE,DR33,B-2,0.5,7,9,0.45,09:32.6,,Obstetrics,13:06.8,13:54.8,0,1,Online,2024,Mar,7,Thu,FALSE,1,-35.46666667,,,1.679548133,3.6037852,57.18333333,30.48333333,26.53333333,8.316666667,129.7,92.33333333,9,3,3,Medium,"(5.0, 7.0]","(6.0, 9.0]","(0.4, 0.5]"
P100095,Adult (36-60),Oncology,Urgent Care,Medicaid,Scheduled,13-03-2024,13-03-2024 13:15,13-03-2024 13:03,13-03-2024 13:08,13-03-2024 13:12,13-03-2024 13:45,13-03-2024 13:54,13-03-2024 13:54,13-03-2024 14:01,Semi-urgent,Acute illness,None,FALSE,DR42,B-7,0.64,6,9,0.22,03:49.6,,Oncology,08:43.8,45:53.0,0,1,Online,2024,Mar,13,Wed,FALSE,1,-11.18333333,,,0.246877917,3.436455417,33.7,8.25,0,7.85,58.15,42.3,13,2,3,High,"(5.0, 7.0]","(6.0, 9.0]","(0.2, 0.3]"
P100096,Senior (61+),Oncology,Specialist Referral,Medicare,Scheduled,15-03-2024,15-03-2024 15:00,15-03-2024 14:33,15-03-2024 14:36,15-03-2024 14:38,15-03-2024 14:53,15-03-2024 15:12,15-03-2024 15:57,15-03-2024 17:30,Non-urgent,Diagnostic testing,ECG,TRUE,DR41,B-6,0.86,6,10,0.39,33:16.7,,Oncology,35:29.6,53:07.9,0,1,Online,2024,Mar,15,Fri,FALSE,1,-26.73333333,,,-1.257082717,2.957082717,14.66666667,19.6,44.85,92.55,176.85,146.6333333,14,4,3,Very High,"(5.0, 7.0]","(9.0, 12.0]","(0.3, 0.4]"
P100097,Young Adult (18-35),Orthopedics,New Patient,None,Emergency,11-03-2024,11-03-2024 13:45,11-03-2024 14:14,11-03-2024 14:15,11-03-2024 14:16,11-03-2024 15:01,11-03-2024 15:08,11-03-2024 16:05,11-03-2024 16:11,Non-urgent,Post-operative,Ultrasound,FALSE,DR1,B-14,0.65,7,10,0.29,14:29.6,18:42.0,Orthopedics,14:46.3,01:30.3,1,0,Walk-in,2024,Mar,11,Mon,FALSE,1,29.48333333,4.217126033,-2.717126033,-1.211615533,2.211615533,44.51666667,7.383333333,56.63333333,5.683333333,116.7166667,146.2,14,0,3,High,"(5.0, 7.0]","(9.0, 12.0]","(0.2, 0.3]"
P100098,Senior (61+),Internal Medicine,Specialist Referral,Medicare,Walk-in,21-01-2024,21-01-2024 15:45,21-01-2024 16:00,21-01-2024 16:04,21-01-2024 16:06,21-01-2024 17:36,21-01-2024 17:58,21-01-2024 18:29,21-01-2024 19:57,Non-urgent,Post-operative,Basic labs,TRUE,DR47,A-3,0.49,4,9,0.29,00:47.0,05:25.4,Internal Medicine,04:08.3,36:21.9,1,0,Walk-in,2024,Jan,21,Sun,TRUE,1,15.76666667,4.656589283,-1.37325595,0.08897635,2.327690317,89.88333333,22.55,31,87.91666667,237.05,252.8166667,16,6,1,Medium,"(3.0, 5.0]","(6.0, 9.0]","(0.2, 0.3]"
P100099,Adult (36-60),General Surgery,Specialist Referral,Self-pay,Scheduled,09-03-2024,09-03-2024 14:30,09-03-2024 14:23,09-03-2024 14:28,09-03-2024 14:30,09-03-2024 18:09,09-03-2024 18:27,09-03-2024 19:51,09-03-2024 20:04,Non-urgent,Diagnostic testing,Comprehensive labs,FALSE,DR12,B-7,0.85,5,11,0.24,23:49.7,,General Surgery,26:17.8,09:40.1,0,1,Online,2024,Mar,9,Sat,TRUE,1,-6.183333333,,,-2.437053883,4.00372055,219.3666667,17.76666667,83.68333333,13.36666667,340.6666667,329.5666667,14,5,3,Very High,"(3.0, 5.0]","(9.0, 12.0]","(0.2, 0.3]"
P100100,Pediatric (0-17),Emergency,New Patient,Medicare,Scheduled,13-01-2024,13-01-2024 14:15,13-01-2024 13:53,13-01-2024 13:54,13-01-2024 14:08,13-01-2024 15:17,13-01-2024 15:57,13-01-2024 17:08,13-01-2024 17:17,Non-urgent,Post-operative,Comprehensive labs,FALSE,DR13,C-8,0.46,2,4,0.21,53:16.0,,Emergency,05:36.2,17:43.0,0,1,Online,2024,Jan,13,Sat,TRUE,1,-21.75,,,10.68680637,2.596526967,69.5,39.58333333,71.55,8.783333333,204.3666667,180.95,13,5,1,Low,"(1.999, 3.0]","(2.999, 6.0]","(0.2, 0.3]"
P100101,Adult (36-60),Internal Medicine,Specialist Referral,Medicaid,Walk-in,21-01-2024,21-01-2024 16:45,21-01-2024 16:45,21-01-2024 16:47,21-01-2024 16:54,21-01-2024 17:22,21-01-2024 17:36,21-01-2024 17:36,21-01-2024 17:41,Urgent,Post-operative,None,FALSE,DR19,D-13,0.8,6,11,0.35,45:52.6,48:27.0,Internal Medicine,48:51.6,22:46.2,1,0,Walk-in,2024,Jan,21,Sun,TRUE,1,0.866666667,2.582612617,-1.149279283,1.559558817,5.990441183,27.91666667,13.43333333,0,5.633333333,55.96666667,56.83333333,16,6,1,Very High,"(5.0, 7.0]","(9.0, 12.0]","(0.3, 0.4]"
P100102,Adult (36-60),Obstetrics,Specialist Referral,Medicaid,Scheduled,06-02-2024,06-02-2024 08:00,06-02-2024 08:11,06-02-2024 08:15,06-02-2024 08:17,06-02-2024 08:27,06-02-2024 08:48,06-02-2024 08:48,06-02-2024 08:55,Urgent,Acute illness,None,FALSE,DR13,A-1,0.72,8,15,0.24,11:49.5,,Obstetrics,15:00.6,27:15.4,0,1,Online,2024,Feb,6,Tue,FALSE,1,11.81666667,,,-0.57265035,2.739317017,9.5,21.11666667,0,6.85,43.4,51.45,8,1,2,High,"(7.0, 8.0]","(12.0, 15.0]","(0.2, 0.3]"
P100103,Pediatric (0-17),Radiology,Follow-up,Medicare,Walk-in,16-03-2024,16-03-2024 16:15,16-03-2024 16:02,16-03-2024 16:07,16-03-2024 16:10,16-03-2024 16:39,16-03-2024 16:57,16-03-2024 16:57,16-03-2024 18:34,Urgent,Diagnostic testing,None,TRUE,DR20,D-11,0.55,4,6,0.47,02:56.9,08:45.2,Radiology,06:32.6,39:39.9,1,0,Walk-in,2024,Mar,16,Sat,TRUE,1,-12.06666667,5.819291717,-1.719291717,-0.489997417,4.17333075,28.93333333,18.33333333,0,97,152.05,139.9833333,16,5,3,Medium,"(3.0, 5.0]","(2.999, 6.0]","(0.4, 0.5]"
P100104,Senior (61+),Emergency,Urgent Care,Medicare,Scheduled,30-01-2024,30-01-2024 13:00,30-01-2024 12:40,30-01-2024 12:43,30-01-2024 12:48,30-01-2024 17:08,30-01-2024 17:30,30-01-2024 18:22,30-01-2024 18:27,Non-urgent,Diagnostic testing,Ultrasound,FALSE,DR38,B-11,0.82,3,6,0.13,40:36.4,,Emergency,46:45.9,08:29.5,0,1,Online,2024,Jan,30,Tue,FALSE,1,-19.4,,,3.0155926,2.151074067,259.5666667,21.85,52.63333333,4.733333333,347.1,324.55,12,1,1,Very High,"(1.999, 3.0]","(2.999, 6.0]","(0.099, 0.2]"
P100105,Pediatric (0-17),Emergency,Specialist Referral,Private,Walk-in,17-02-2024,17-02-2024 09:15,17-02-2024 08:52,17-02-2024 08:54,17-02-2024 08:59,17-02-2024 11:03,17-02-2024 11:29,17-02-2024 12:41,17-02-2024 12:57,Non-urgent,Post-operative,Stress test,FALSE,DR47,C-7,0.77,8,7,0.18,52:21.8,58:22.4,Emergency,57:01.3,03:07.9,1,0,Walk-in,2024,Feb,17,Sat,TRUE,1,-22.65,6.023955517,-3.840622183,2.488298833,2.2450345,123.85,26.16666667,72.65,16.01666667,245.6,222.95,8,5,2,High,"(7.0, 8.0]","(6.0, 9.0]","(0.099, 0.2]"
P100106,Pediatric (0-17),Internal Medicine,New Patient,None,Scheduled,10-01-2024,10-01-2024 13:45,10-01-2024 13:22,10-01-2024 13:27,10-01-2024 13:36,10-01-2024 13:45,10-01-2024 13:58,10-01-2024 15:11,10-01-2024 16:22,Urgent,Diagnostic testing,Ultrasound,TRUE,DR10,A-8,0.36,4,5,0.28,22:31.9,,Internal Medicine,33:59.5,45:41.5,0,1,Online,2024,Jan,10,Wed,FALSE,1,-22.48333333,,,6.775689167,2.224310833,9.466666667,12.58333333,72.78333333,71.01666667,179.55,152.3666667,13,2,1,Low,"(3.0, 5.0]","(2.999, 6.0]","(0.2, 0.3]"
P100107,Pediatric (0-17),Emergency,Follow-up,Medicaid,Scheduled,16-03-2024,16-03-2024 11:00,16-03-2024 10:54,16-03-2024 10:56,16-03-2024 11:05,16-03-2024 11:07,16-03-2024 11:51,16-03-2024 12:06,16-03-2024 12:20,Non-urgent,Diagnostic testing,Basic labs,FALSE,DR33,B-7,0.84,6,11,0.35,54:28.5,,Emergency,02:06.3,07:18.3,0,1,Online,2024,Mar,16,Sat,TRUE,1,-5.533333333,,,5.654912917,3.245087083,1.95,44.11666667,15.3,13.93333333,86.18333333,78.66666667,10,5,3,Very High,"(5.0, 7.0]","(9.0, 12.0]","(0.3, 0.4]"
P100108,Adult (36-60),Obstetrics,New Patient,Medicaid,Walk-in,04-01-2024,04-01-2024 16:15,04-01-2024 16:01,04-01-2024 16:04,04-01-2024 16:08,04-01-2024 17:41,04-01-2024 18:18,04-01-2024 18:53,04-01-2024 21:08,Non-urgent,Post-operative,Basic labs,TRUE,DR50,D-14,0.35,8,7,0.33,01:26.1,05:50.0,Obstetrics,04:06.4,41:05.1,1,0,Walk-in,2024,Jan,4,Thu,FALSE,1,-13.56666667,4.399233933,-1.6159006,-0.10998025,4.55998025,92.41666667,37.7,34.9,134.9,307.15,293.5833333,16,3,1,Low,"(7.0, 8.0]","(6.0, 9.0]","(0.3, 0.4]"
P100109,Senior (61+),Cardiology,New Patient,Medicare,Emergency,31-03-2024,31-03-2024 10:30,31-03-2024 10:10,31-03-2024 10:15,31-03-2024 10:26,31-03-2024 11:56,31-03-2024 12:30,31-03-2024 13:44,31-03-2024 13:56,Non-urgent,Follow-up procedure,Comprehensive labs,FALSE,DR18,C-4,0.33,6,7,0.47,10:42.1,19:28.1,Cardiology,23:02.2,56:08.7,1,0,Walk-in,2024,Mar,31,Sun,TRUE,1,-19.3,8.768001283,-4.03466795,7.603744233,3.762922433,89.33333333,34.7,73.55,11.61666667,225.3,206,10,6,3,Low,"(5.0, 7.0]","(6.0, 9.0]","(0.4, 0.5]"
P100110,Adult (36-60),Emergency,New Patient,Self-pay,Scheduled,18-03-2024,18-03-2024 10:00,18-03-2024 09:54,18-03-2024 09:59,18-03-2024 10:09,18-03-2024 11:52,18-03-2024 12:11,18-03-2024 12:46,18-03-2024 14:33,Non-urgent,Acute illness,X-ray,TRUE,DR23,A-3,0.6,2,12,0.38,54:30.9,,Emergency,07:15.7,52:58.6,0,1,Online,2024,Mar,18,Mon,FALSE,1,-5.5,,,7.844998633,2.1383347,103.5666667,19,34.16666667,107.5666667,279.2,268.7833333,9,0,3,Medium,"(1.999, 3.0]","(9.0, 12.0]","(0.3, 0.4]"
P100111,Adult (36-60),Cardiology,Follow-up,None,Scheduled,30-01-2024,30-01-2024 10:45,30-01-2024 10:39,30-01-2024 10:42,30-01-2024 10:49,30-01-2024 12:12,30-01-2024 12:52,30-01-2024 14:17,30-01-2024 15:37,Non-urgent,Acute illness,Ultrasound,TRUE,DR46,C-8,0.92,6,14,0.37,39:31.5,,Cardiology,46:55.7,12:32.8,0,1,Online,2024,Jan,30,Tue,FALSE,1,-5.483333333,,,4.711767117,2.438232883,83.16666667,40.25,84.46666667,80.26666667,298,289.8166667,10,1,1,Very High,"(5.0, 7.0]","(12.0, 15.0]","(0.3, 0.4]"
P100112,Adult (36-60),Oncology,New Patient,Medicaid,Scheduled,23-03-2024,23-03-2024 11:00,23-03-2024 10:35,23-03-2024 10:40,23-03-2024 10:48,23-03-2024 12:10,23-03-2024 12:24,23-03-2024 13:46,23-03-2024 14:02,Semi-urgent,Consultation,MRI,FALSE,DR26,A-3,0.78,5,5,0.21,35:34.7,,Oncology,42:24.5,10:28.4,0,1,Online,2024,Mar,23,Sat,TRUE,1,-24.43333333,,,2.24220215,5.674464517,82.38333333,14.5,81.35,16.35,207.1,178.0666667,10,5,3,High,"(3.0, 5.0]","(2.999, 6.0]","(0.2, 0.3]"
P100113,Senior (61+),General Surgery,Specialist Referral,Medicare,Scheduled,13-03-2024,13-03-2024 12:30,13-03-2024 13:12,13-03-2024 13:17,13-03-2024 13:25,13-03-2024 14:13,13-03-2024 14:18,13-03-2024 14:57,13-03-2024 15:12,Semi-urgent,Chronic condition,Basic labs,FALSE,DR24,B-14,0.86,4,4,0.26,12:26.3,,General Surgery,21:10.9,13:43.1,0,1,Online,2024,Mar,13,Wed,FALSE,1,42.43333333,,,3.798616517,3.951383483,48.58333333,5,38.61666667,15.03333333,119.9333333,157.4166667,13,2,3,Very High,"(3.0, 5.0]","(2.999, 6.0]","(0.2, 0.3]"
P100114,Adult (36-60),Radiology,New Patient,None,Scheduled,23-03-2024,23-03-2024 08:00,23-03-2024 07:53,23-03-2024 07:57,23-03-2024 08:10,23-03-2024 08:20,23-03-2024 08:32,23-03-2024 09:56,23-03-2024 11:19,Non-urgent,Injury,Comprehensive labs,TRUE,DR16,D-3,0.77,4,6,0.11,53:12.5,,Radiology,07:43.8,20:38.2,0,1,Online,2024,Mar,23,Sat,TRUE,1,-6.8,,,10.62991948,2.30341385,10.6,11.95,83.63333333,83.5,206.5166667,195.8166667,7,5,3,High,"(3.0, 5.0]","(2.999, 6.0]","(0.099, 0.2]"
P100115,Pediatric (0-17),Cardiology,Specialist Referral,Self-pay,Scheduled,18-01-2024,18-01-2024 13:45,18-01-2024 13:13,18-01-2024 13:17,18-01-2024 13:25,18-01-2024 13:54,18-01-2024 14:25,18-01-2024 14:59,18-01-2024 15:13,Urgent,Routine checkup,Basic labs,FALSE,DR14,B-12,0.38,8,12,0.15,13:54.8,,Cardiology,23:28.0,54:50.7,0,1,Online,2024,Jan,18,Thu,FALSE,1,-31.1,,,6.13280715,2.183859517,29.18333333,30.36666667,34.65,13.7,119.65,85.11666667,13,3,1,Low,"(7.0, 8.0]","(9.0, 12.0]","(0.099, 0.2]"
P100116,Pediatric (0-17),Obstetrics,Follow-up,None,Walk-in,15-01-2024,15-01-2024 15:15,15-01-2024 14:56,15-01-2024 14:59,15-01-2024 15:10,15-01-2024 16:48,15-01-2024 16:53,15-01-2024 16:53,15-01-2024 18:50,Non-urgent,Injury,None,TRUE,DR3,B-2,0.9,2,14,0.41,56:16.1,03:27.2,Obstetrics,07:08.1,48:05.9,1,0,Walk-in,2024,Jan,15,Mon,FALSE,1,-18.73333333,7.18585785,-3.902524517,7.584564833,3.065435167,97.88333333,5,0,117.75,234.5666667,215.8333333,14,0,1,Very High,"(1.999, 3.0]","(12.0, 15.0]","(0.4, 0.5]"
P100117,Pediatric (0-17),Oncology,New Patient,Private,Scheduled,29-02-2024,29-02-2024 08:00,29-02-2024 07:51,29-02-2024 07:54,29-02-2024 08:03,29-02-2024 08:56,29-02-2024 09:18,29-02-2024 09:56,29-02-2024 11:26,Non-urgent,Follow-up procedure,Basic labs,TRUE,DR38,D-6,0.74,8,10,0.29,51:59.9,,Oncology,58:13.6,56:28.4,0,1,Online,2024,Feb,29,Thu,FALSE,1,-8.016666667,,,3.64376975,4.789563583,53.45,21.71666667,38.41666667,89.76666667,214.3833333,203.7666667,7,3,2,High,"(7.0, 8.0]","(9.0, 12.0]","(0.2, 0.3]"
P100118,Young Adult (18-35),Neurology,New Patient,Medicare,Scheduled,17-03-2024,17-03-2024 10:30,17-03-2024 10:11,17-03-2024 10:15,17-03-2024 10:25,17-03-2024 13:18,17-03-2024 13:23,17-03-2024 13:59,17-03-2024 14:11,Non-urgent,Diagnostic testing,X-ray,FALSE,DR38,B-9,0.7,4,6,0.17,11:57.6,,Neurology,19:54.6,18:37.0,0,1,Online,2024,Mar,17,Sun,TRUE,1,-18.05,,,4.109995167,5.1066715,173.5833333,5,35.5,12.46666667,239.6166667,217.7166667,10,6,3,High,"(3.0, 5.0]","(2.999, 6.0]","(0.099, 0.2]"
P100119,Adult (36-60),Orthopedics,Specialist Referral,Private,Scheduled,27-03-2024,27-03-2024 15:30,27-03-2024 15:24,27-03-2024 15:27,27-03-2024 15:36,27-03-2024 16:40,27-03-2024 17:02,27-03-2024 17:40,27-03-2024 17:57,Semi-urgent,Post-operative,Comprehensive labs,FALSE,DR30,B-15,0.79,7,3,0.49,24:35.8,,Orthopedics,31:59.8,40:13.7,0,1,Online,2024,Mar,27,Wed,FALSE,1,-5.416666667,,,4.462900583,4.62043275,63.6,22.43333333,37.91666667,16.93333333,152.9166667,144.55,15,2,3,High,"(5.0, 7.0]","(2.999, 6.0]","(0.4, 0.5]"
P100120,Senior (61+),Neurology,Urgent Care,Medicaid,Walk-in,04-02-2024,04-02-2024 15:00,04-02-2024 14:44,04-02-2024 14:46,04-02-2024 14:57,04-02-2024 15:09,04-02-2024 15:22,04-02-2024 15:39,04-02-2024 17:07,Semi-urgent,Post-operative,Basic labs,TRUE,DR41,C-1,0.67,4,8,0.28,44:27.7,46:29.3,Neurology,51:11.2,09:12.8,1,0,Walk-in,2024,Feb,4,Sun,TRUE,1,-15.55,2.038140233,-0.071473567,4.7694175,5.9805825,12.03333333,13.71666667,17.05,87.91666667,143.4333333,127.8833333,14,6,2,High,"(3.0, 5.0]","(6.0, 9.0]","(0.2, 0.3]"
P100121,Young Adult (18-35),Neurology,Urgent Care,Private,Walk-in,09-03-2024,09-03-2024 15:45,09-03-2024 15:41,09-03-2024 15:42,09-03-2024 15:45,09-03-2024 15:59,09-03-2024 16:13,09-03-2024 16:13,09-03-2024 16:18,Emergency,Vaccination,None,FALSE,DR44,D-11,0.82,8,12,0.27,41:22.0,48:01.4,Neurology,41:54.5,59:56.4,1,0,Walk-in,2024,Mar,9,Sat,TRUE,1,-3.633333333,6.656469233,-5.256469233,-0.85758855,3.874255217,14.15,13.38333333,0,5.383333333,37.33333333,33.7,15,5,3,Very High,"(7.0, 8.0]","(9.0, 12.0]","(0.2, 0.3]"
P100122,Young Adult (18-35),Obstetrics,Follow-up,Medicaid,Scheduled,14-01-2024,14-01-2024 10:00,14-01-2024 09:48,14-01-2024 09:52,14-01-2024 09:55,14-01-2024 11:33,14-01-2024 12:05,14-01-2024 12:36,14-01-2024 12:51,Non-urgent,Chronic condition,X-ray,FALSE,DR1,A-9,0.75,6,9,0.17,48:45.0,,Obstetrics,50:48.4,33:52.3,0,1,Online,2024,Jan,14,Sun,TRUE,1,-11.26666667,,,-1.493660917,4.593660917,98.46666667,31.9,30.83333333,15.06666667,182.9333333,168.1,9,6,1,High,"(5.0, 7.0]","(6.0, 9.0]","(0.099, 0.2]"
P100123,Senior (61+),Pediatrics,Urgent Care,Self-pay,Walk-in,04-03-2024,04-03-2024 08:00,04-03-2024 07:37,04-03-2024 07:38,04-03-2024 07:47,04-03-2024 08:39,04-03-2024 09:07,04-03-2024 09:49,04-03-2024 10:38,Non-urgent,Injury,ECG,TRUE,DR40,D-13,0.94,7,6,0.24,37:01.9,42:50.9,Pediatrics,43:51.7,39:55.8,1,0,Walk-in,2024,Mar,4,Mon,FALSE,1,-22.98333333,5.83201565,-4.665348983,5.677784483,3.422215517,52.63333333,27.58333333,41.7,49.58333333,181.7666667,158.7833333,7,0,3,Very High,"(5.0, 7.0]","(2.999, 6.0]","(0.2, 0.3]"
P100124,Senior (61+),Radiology,Urgent Care,Medicaid,Emergency,28-01-2024,28-01-2024 10:15,28-01-2024 10:08,28-01-2024 10:13,28-01-2024 10:19,28-01-2024 11:09,28-01-2024 11:21,28-01-2024 12:33,28-01-2024 12:39,Semi-urgent,Acute illness,CT scan,FALSE,DR6,A-2,0.84,6,3,0.13,08:57.5,14:14.9,Radiology,15:40.8,09:45.7,1,0,Walk-in,2024,Jan,28,Sun,TRUE,1,-6.05,5.297947767,-0.8312811,2.2634229,3.819910433,50.25,12.16666667,71.3,6.55,150.8166667,144.7666667,10,6,1,Very High,"(5.0, 7.0]","(2.999, 6.0]","(0.099, 0.2]"
P100125,Young Adult (18-35),Cardiology,Specialist Referral,Private,Scheduled,23-02-2024,23-02-2024 16:15,23-02-2024 15:57,23-02-2024 16:01,23-02-2024 16:06,23-02-2024 16:51,23-02-2024 17:12,23-02-2024 19:03,23-02-2024 19:17,Semi-urgent,Consultation,CT scan,FALSE,DR13,D-4,0.59,6,3,0.4,57:53.2,,Cardiology,02:39.3,51:05.5,0,1,Online,2024,Feb,23,Fri,FALSE,1,-17.11666667,,,0.90458265,3.812084017,44.61666667,21.53333333,110.5833333,13.83333333,199.15,178.1666667,15,4,2,Medium,"(5.0, 7.0]","(2.999, 6.0]","(0.3, 0.4]"
P100126,Young Adult (18-35),Oncology,Specialist Referral,Medicaid,Scheduled,15-03-2024,15-03-2024 13:00,15-03-2024 12:41,15-03-2024 12:45,15-03-2024 12:47,15-03-2024 14:42,15-03-2024 15:03,15-03-2024 15:03,15-03-2024 15:08,Semi-urgent,Prescription renewal,None,FALSE,DR46,A-7,0.61,8,11,0.41,41:45.4,,Oncology,41:43.4,42:08.7,0,1,Online,2024,Mar,15,Fri,FALSE,1,-18.25,,,-3.910528883,5.910528883,114.5,21.85,0,4.966666667,147.2,125.0666667,12,4,3,Medium,"(7.0, 8.0]","(9.0, 12.0]","(0.4, 0.5]"
P100127,Adult (36-60),Cardiology,Specialist Referral,None,Scheduled,02-01-2024,02-01-2024 15:45,02-01-2024 15:33,02-01-2024 15:36,02-01-2024 15:46,02-01-2024 16:15,02-01-2024 16:41,02-01-2024 17:24,02-01-2024 17:33,Semi-urgent,Prescription renewal,Basic labs,FALSE,DR31,D-2,0.78,5,8,0.31,33:26.3,,Cardiology,42:35.8,15:48.4,0,1,Online,2024,Jan,2,Tue,FALSE,1,-11.56666667,,,6.430066167,3.719933833,29.48333333,25.48333333,43.58333333,8.733333333,120.1666667,105.8666667,15,1,1,High,"(3.0, 5.0]","(6.0, 9.0]","(0.3, 0.4]"
P100128,Young Adult (18-35),Radiology,Follow-up,None,Scheduled,06-03-2024,06-03-2024 16:45,06-03-2024 16:37,06-03-2024 16:39,06-03-2024 16:45,06-03-2024 16:47,06-03-2024 16:57,06-03-2024 16:57,06-03-2024 17:14,Urgent,Prescription renewal,None,FALSE,DR41,D-8,0.41,6,5,0.5,37:37.3,,Radiology,40:39.6,47:42.3,0,1,Online,2024,Mar,6,Wed,FALSE,1,-7.383333333,,,1.2935924,4.6064076,2.433333333,9.633333333,0,17.38333333,37.1,27.96666667,16,2,3,Low,"(5.0, 7.0]","(2.999, 6.0]","(0.4, 0.5]"
P100129,Senior (61+),General Surgery,Urgent Care,Medicaid,Scheduled,27-02-2024,27-02-2024 15:45,27-02-2024 15:31,27-02-2024 15:34,27-02-2024 15:37,27-02-2024 16:04,27-02-2024 16:20,27-02-2024 16:20,27-02-2024 17:21,Semi-urgent,Consultation,None,TRUE,DR9,A-9,0.43,2,8,0.16,31:44.7,,General Surgery,33:50.6,04:52.3,0,1,Online,2024,Feb,27,Tue,FALSE,1,-13.26666667,,,-1.1402772,4.006943867,27.01666667,15.78333333,0,60.6,109.5166667,93,15,1,2,Low,"(1.999, 3.0]","(6.0, 9.0]","(0.099, 0.2]"
P100130,Young Adult (18-35),Emergency,New Patient,None,Scheduled,22-03-2024,22-03-2024 08:45,22-03-2024 08:41,22-03-2024 08:42,22-03-2024 08:58,22-03-2024 10:38,22-03-2024 11:03,22-03-2024 12:53,22-03-2024 13:56,Non-urgent,Post-operative,CT scan,TRUE,DR49,B-4,0.36,6,8,0.31,41:30.1,,Emergency,53:12.6,38:11.6,0,1,Online,2024,Mar,22,Fri,FALSE,1,-3.5,,,10.29277663,5.173890033,99.8,25.36666667,109.7166667,63.51666667,315.2833333,310.3666667,8,4,3,Low,"(5.0, 7.0]","(6.0, 9.0]","(0.3, 0.4]"
P100131,Pediatric (0-17),Radiology,Follow-up,Medicare,Scheduled,05-01-2024,05-01-2024 13:15,05-01-2024 13:21,05-01-2024 13:24,05-01-2024 13:30,05-01-2024 13:31,05-01-2024 14:09,05-01-2024 16:06,05-01-2024 17:34,Semi-urgent,Chronic condition,MRI,TRUE,DR42,D-12,0.57,7,14,0.22,21:26.8,,Radiology,25:13.8,31:31.9,0,1,Online,2024,Jan,5,Fri,FALSE,1,6.433333333,,,0.847316467,4.902683533,1.383333333,37.58333333,117.5166667,88.2,253.3833333,256.8666667,13,4,1,Medium,"(5.0, 7.0]","(12.0, 15.0]","(0.2, 0.3]"
P100132,Young Adult (18-35),Internal Medicine,New Patient,None,Emergency,03-02-2024,03-02-2024 13:45,03-02-2024 13:33,03-02-2024 13:38,03-02-2024 13:41,03-02-2024 13:47,03-02-2024 14:11,03-02-2024 14:11,03-02-2024 14:26,Non-urgent,Vaccination,None,FALSE,DR49,A-4,0.38,6,12,0.36,33:59.7,43:11.0,Internal Medicine,37:14.2,47:39.1,1,0,Walk-in,2024,Feb,3,Sat,TRUE,1,-11.01666667,9.20036205,-4.717028717,-1.23057455,4.413907883,6,24.01666667,0,14.85,52.53333333,41.51666667,13,5,2,Low,"(5.0, 7.0]","(9.0, 12.0]","(0.3, 0.4]"
P100133,Young Adult (18-35),General Surgery,New Patient,None,Scheduled,26-02-2024,26-02-2024 08:45,26-02-2024 08:51,26-02-2024 08:54,26-02-2024 08:59,26-02-2024 10:34,26-02-2024 10:57,26-02-2024 11:41,26-02-2024 11:54,Non-urgent,Chronic condition,X-ray,FALSE,DR42,B-1,0.3,2,6,0.32,51:53.7,,General Surgery,55:12.7,34:57.9,0,1,Online,2024,Feb,26,Mon,FALSE,1,6.883333333,,,0.511591283,4.32174205,95.41666667,22.96666667,43.9,12.3,182.2333333,186.3,8,0,2,Low,"(1.999, 3.0]","(2.999, 6.0]","(0.3, 0.4]"
P100134,Young Adult (18-35),Oncology,Specialist Referral,Private,Scheduled,05-01-2024,05-01-2024 16:00,05-01-2024 16:05,05-01-2024 16:09,05-01-2024 16:13,05-01-2024 17:07,05-01-2024 17:38,05-01-2024 18:50,05-01-2024 19:03,Urgent,Follow-up procedure,Comprehensive labs,FALSE,DR20,C-6,0.83,2,5,0.11,05:30.5,,Oncology,10:03.8,07:34.4,0,1,Online,2024,Jan,5,Fri,FALSE,1,5.5,,,0.746647983,3.520018683,53.98333333,31.08333333,71.53333333,12.98333333,177.6666667,179.35,16,4,1,Very High,"(1.999, 3.0]","(2.999, 6.0]","(0.099, 0.2]"
P100135,Senior (61+),Neurology,Follow-up,Medicaid,Scheduled,10-01-2024,10-01-2024 10:00,10-01-2024 09:58,10-01-2024 09:59,10-01-2024 10:08,10-01-2024 10:56,10-01-2024 11:14,10-01-2024 13:29,10-01-2024 13:32,Urgent,Diagnostic testing,MRI,FALSE,DR39,A-5,0.48,4,5,0.36,58:17.1,,Neurology,04:52.9,56:07.6,0,1,Online,2024,Jan,10,Wed,FALSE,1,-1.716666667,,,5.31526935,3.901397317,47.33333333,18.1,135.6166667,2.566666667,214.1166667,211.1166667,9,2,1,Medium,"(3.0, 5.0]","(2.999, 6.0]","(0.3, 0.4]"
P100136,Adult (36-60),Neurology,Specialist Referral,None,Walk-in,06-02-2024,06-02-2024 08:30,06-02-2024 08:12,06-02-2024 08:17,06-02-2024 08:26,06-02-2024 09:49,06-02-2024 10:03,06-02-2024 10:03,06-02-2024 10:11,Semi-urgent,Diagnostic testing,None,FALSE,DR32,C-11,0.48,4,12,0.42,12:57.8,18:28.8,Neurology,24:17.1,49:35.2,1,0,Walk-in,2024,Feb,6,Tue,FALSE,1,-17.05,5.529762617,-1.01309595,6.818593383,2.448073283,82.85,14.31666667,0,7.483333333,118.4333333,101.3833333,8,1,2,Medium,"(3.0, 5.0]","(9.0, 12.0]","(0.4, 0.5]"
P100137,Young Adult (18-35),Emergency,Specialist Referral,Self-pay,Scheduled,08-01-2024,08-01-2024 12:45,08-01-2024 12:40,08-01-2024 12:45,08-01-2024 13:03,08-01-2024 13:33,08-01-2024 14:09,08-01-2024 14:59,08-01-2024 16:06,Semi-urgent,Post-operative,Ultrasound,TRUE,DR19,D-14,0.74,7,3,0.33,40:48.1,,Emergency,57:38.9,33:25.0,0,1,Online,2024,Jan,8,Mon,FALSE,1,-4.2,,,12.48150918,5.685157483,30.06666667,35.65,50.5,66.78333333,205.5333333,196.9666667,12,0,1,High,"(5.0, 7.0]","(2.999, 6.0]","(0.3, 0.4]"
P100138,Senior (61+),Obstetrics,New Patient,Private,Emergency,11-03-2024,11-03-2024 15:15,11-03-2024 15:13,11-03-2024 15:17,11-03-2024 15:23,11-03-2024 15:44,11-03-2024 16:04,11-03-2024 16:37,11-03-2024 17:20,Urgent,Consultation,Ultrasound,TRUE,DR24,A-14,0.85,2,11,0.31,13:14.4,19:11.9,Obstetrics,20:13.8,44:10.8,1,0,Walk-in,2024,Mar,11,Mon,FALSE,1,-1.766666667,5.96551995,-1.46551995,2.496017333,2.970649333,20.96666667,20.55,32.53333333,43.65,127.6666667,125.9,15,0,3,Very High,"(1.999, 3.0]","(9.0, 12.0]","(0.3, 0.4]"
P100139,Senior (61+),Obstetrics,Specialist Referral,Private,Scheduled,30-03-2024,30-03-2024 14:30,30-03-2024 14:00,30-03-2024 14:02,30-03-2024 14:08,30-03-2024 14:36,30-03-2024 15:12,30-03-2024 15:44,30-03-2024 17:01,Emergency,Acute illness,Comprehensive labs,TRUE,DR21,B-1,0.82,8,15,0.36,00:58.8,,Obstetrics,05:13.0,36:54.6,0,1,Online,2024,Mar,30,Sat,TRUE,1,-29.03333333,,,2.833232,3.550101333,28.13333333,35.73333333,31.9,77.06666667,180.6333333,150.1833333,14,5,3,Very High,"(7.0, 8.0]","(12.0, 15.0]","(0.3, 0.4]"
P100140,Pediatric (0-17),Neurology,Specialist Referral,Medicare,Emergency,11-01-2024,11-01-2024 15:00,11-01-2024 14:53,11-01-2024 14:54,11-01-2024 15:03,11-01-2024 16:03,11-01-2024 16:15,11-01-2024 17:10,11-01-2024 18:47,Non-urgent,Follow-up procedure,X-ray,TRUE,DR2,C-14,0.5,3,3,0.22,53:10.7,00:49.0,Neurology,59:49.1,03:39.7,1,0,Walk-in,2024,Jan,11,Thu,FALSE,1,-6.833333333,7.649854033,-6.383187367,5.38437755,3.832289117,60,11.36666667,55.66666667,97,234.5166667,227.6833333,14,3,1,Medium,"(1.999, 3.0]","(2.999, 6.0]","(0.2, 0.3]"
P100141,Pediatric (0-17),Radiology,Specialist Referral,Self-pay,Scheduled,28-01-2024,28-01-2024 08:30,28-01-2024 07:41,28-01-2024 07:44,28-01-2024 07:47,28-01-2024 08:17,28-01-2024 08:43,28-01-2024 08:43,28-01-2024 09:46,Urgent,Vaccination,None,TRUE,DR18,D-13,0.91,4,5,0.23,41:56.3,,Radiology,45:08.6,17:40.7,0,1,Online,2024,Jan,28,Sun,TRUE,1,-48.06666667,,,0.810195883,2.289804117,30.23333333,25.5,0,63.65,124.8833333,74.41666667,7,6,1,Very High,"(3.0, 5.0]","(2.999, 6.0]","(0.2, 0.3]"
P100142,Young Adult (18-35),Radiology,Follow-up,None,Scheduled,04-02-2024,04-02-2024 11:00,04-02-2024 11:04,04-02-2024 11:09,04-02-2024 11:13,04-02-2024 11:47,04-02-2024 12:03,04-02-2024 12:51,04-02-2024 13:01,Semi-urgent,Vaccination,X-ray,FALSE,DR49,B-4,0.68,6,4,0.12,04:44.8,,Radiology,07:56.5,47:18.4,0,1,Online,2024,Feb,4,Sun,TRUE,1,4.733333333,,,-1.708249133,5.591582467,33.76666667,16.48333333,47.48333333,10.2,116.7333333,116.55,11,6,2,High,"(5.0, 7.0]","(2.999, 6.0]","(0.099, 0.2]"
P100143,Pediatric (0-17),Radiology,Specialist Referral,Medicaid,Walk-in,11-02-2024,11-02-2024 10:00,11-02-2024 10:10,11-02-2024 10:14,11-02-2024 10:24,11-02-2024 11:04,11-02-2024 11:22,11-02-2024 12:00,11-02-2024 12:17,Semi-urgent,Consultation,ECG,FALSE,DR30,C-12,0.84,6,5,0.43,10:10.2,14:25.2,Radiology,19:27.4,04:33.6,1,0,Walk-in,2024,Feb,11,Sun,TRUE,1,10.16666667,4.253797433,0.546202567,4.49079565,5.392537683,39.7,17.8,38.56666667,16.2,126.95,137.1166667,10,6,2,Very High,"(5.0, 7.0]","(2.999, 6.0]","(0.4, 0.5]"
P100144,Pediatric (0-17),Pediatrics,Follow-up,Self-pay,Scheduled,02-01-2024,02-01-2024 15:30,02-01-2024 15:06,02-01-2024 15:10,02-01-2024 15:14,02-01-2024 16:28,02-01-2024 17:00,02-01-2024 18:25,02-01-2024 20:32,Non-urgent,Post-operative,Ultrasound,TRUE,DR14,B-9,0.91,4,10,0.38,06:50.7,,Pediatrics,11:56.6,28:22.8,0,1,Online,2024,Jan,2,Tue,FALSE,1,-23.16666667,,,1.6093156,2.724017733,73.7,32.3,85.23333333,126.95,326.0166667,299.35,15,1,1,Very High,"(3.0, 5.0]","(9.0, 12.0]","(0.3, 0.4]"
P100145,Pediatric (0-17),Radiology,New Patient,Medicaid,Walk-in,23-01-2024,23-01-2024 08:30,23-01-2024 08:33,23-01-2024 08:35,23-01-2024 08:39,23-01-2024 10:37,23-01-2024 10:54,23-01-2024 11:13,23-01-2024 11:26,Semi-urgent,Consultation,ECG,FALSE,DR8,A-10,0.58,7,9,0.26,33:21.0,40:32.2,Radiology,37:31.1,37:35.1,1,0,Walk-in,2024,Jan,23,Tue,FALSE,1,3.333333333,7.202636817,-4.98597015,1.968897,2.414436333,117.65,17.16666667,18.7,13.25,173.3666667,176.7,8,1,1,Medium,"(5.0, 7.0]","(6.0, 9.0]","(0.2, 0.3]"
P100146,Senior (61+),Radiology,Specialist Referral,Self-pay,Walk-in,13-01-2024,13-01-2024 08:30,13-01-2024 08:31,13-01-2024 08:35,13-01-2024 08:44,13-01-2024 08:59,13-01-2024 09:17,13-01-2024 09:17,13-01-2024 09:58,Non-urgent,Prescription renewal,None,TRUE,DR17,D-3,0.94,6,11,0.11,31:21.7,36:51.7,Radiology,40:18.2,59:41.0,1,0,Walk-in,2024,Jan,13,Sat,TRUE,1,1.35,5.512250467,-1.112250467,4.553863983,3.912802683,15.45,18.25,0,40.83333333,87.4,88.75,8,5,1,Very High,"(5.0, 7.0]","(9.0, 12.0]","(0.099, 0.2]"
P100147,Pediatric (0-17),Cardiology,Urgent Care,Private,Scheduled,22-02-2024,22-02-2024 12:30,22-02-2024 12:17,22-02-2024 12:20,22-02-2024 12:27,22-02-2024 15:28,22-02-2024 15:58,22-02-2024 16:54,22-02-2024 16:58,Non-urgent,Acute illness,X-ray,FALSE,DR20,D-12,0.4,4,6,0.43,17:54.6,,Cardiology,25:31.7,28:53.9,0,1,Online,2024,Feb,22,Thu,FALSE,1,-12.1,,,5.511900683,2.138099317,181.2166667,29.86666667,55.38333333,4.566666667,280.8,266.5833333,12,3,2,Low,"(3.0, 5.0]","(2.999, 6.0]","(0.4, 0.5]"
P100148,Senior (61+),Oncology,Urgent Care,Self-pay,Scheduled,08-01-2024,08-01-2024 11:15,08-01-2024 10:45,08-01-2024 10:50,08-01-2024 10:56,08-01-2024 11:36,08-01-2024 11:50,08-01-2024 12:40,08-01-2024 14:47,Non-urgent,Vaccination,Comprehensive labs,TRUE,DR34,D-13,0.31,3,6,0.19,45:48.6,,Oncology,52:45.8,36:43.2,0,1,Online,2024,Jan,8,Mon,FALSE,1,-29.2,,,2.1292353,4.2207647,39.73333333,13.58333333,50.48333333,127.0666667,242.05,208.0166667,10,0,1,Low,"(1.999, 3.0]","(2.999, 6.0]","(0.099, 0.2]"
P100149,Adult (36-60),General Surgery,Urgent Care,Medicare,Scheduled,22-01-2024,22-01-2024 10:45,22-01-2024 10:21,22-01-2024 10:24,22-01-2024 10:33,22-01-2024 13:05,22-01-2024 13:15,22-01-2024 13:15,22-01-2024 13:27,Non-urgent,Post-operative,None,FALSE,DR44,D-5,0.39,7,8,0.36,21:55.5,,General Surgery,30:39.7,05:19.3,0,1,Online,2024,Jan,22,Mon,FALSE,1,-23.08333333,,,5.979048483,2.35428485,152.3,10.05,0,11.73333333,185.1833333,159.3333333,10,0,1,Low,"(5.0, 7.0]","(6.0, 9.0]","(0.3, 0.4]"
P100150,Young Adult (18-35),General Surgery,Follow-up,Self-pay,Walk-in,04-03-2024,04-03-2024 08:15,04-03-2024 07:54,04-03-2024 07:56,04-03-2024 08:03,04-03-2024 09:44,04-03-2024 09:53,04-03-2024 09:53,04-03-2024 10:04,Semi-urgent,Vaccination,None,FALSE,DR1,A-8,0.66,5,11,0.36,54:00.8,59:24.8,General Surgery,58:04.2,44:55.0,1,0,Walk-in,2024,Mar,4,Mon,FALSE,1,-21,5.412530967,-2.912530967,1.569334933,5.747331733,101.1,9.066666667,0,10.88333333,130.8666667,109.8666667,7,0,3,High,"(3.0, 5.0]","(9.0, 12.0]","(0.3, 0.4]"
P100151,Adult (36-60),Pediatrics,Specialist Referral,Private,Emergency,09-02-2024,09-02-2024 08:15,09-02-2024 07:51,09-02-2024 07:53,09-02-2024 08:01,09-02-2024 09:40,09-02-2024 10:03,09-02-2024 10:59,09-02-2024 11:34,Non-urgent,Prescription renewal,Ultrasound,TRUE,DR33,D-3,0.48,2,3,0.34,51:19.2,01:10.9,Pediatrics,56:47.4,40:27.6,1,0,Walk-in,2024,Feb,9,Fri,FALSE,1,-23.68333333,9.864482983,-7.597816317,3.206920117,4.75974655,98.9,23.18333333,55.41666667,35.45,223.1833333,199.5,7,4,2,Medium,"(1.999, 3.0]","(2.999, 6.0]","(0.3, 0.4]"
P100152,Young Adult (18-35),Oncology,New Patient,Medicare,Scheduled,03-03-2024,03-03-2024 12:30,03-03-2024 12:12,03-03-2024 12:17,03-03-2024 12:24,03-03-2024 13:09,03-03-2024 13:31,03-03-2024 14:55,03-03-2024 16:32,Semi-urgent,Diagnostic testing,Ultrasound,TRUE,DR21,A-8,0.9,8,11,0.35,12:59.2,,Oncology,19:55.9,09:12.5,0,1,Online,2024,Mar,3,Sun,TRUE,1,-17.01666667,,,2.698008233,4.751991767,44.51666667,21.9,84.76666667,96.95,259.8333333,238.5666667,12,6,3,Very High,"(7.0, 8.0]","(9.0, 12.0]","(0.3, 0.4]"
P100153,Adult (36-60),Pediatrics,Specialist Referral,Private,Scheduled,20-03-2024,20-03-2024 13:30,20-03-2024 13:30,20-03-2024 13:33,20-03-2024 13:40,20-03-2024 13:42,20-03-2024 13:55,20-03-2024 14:38,20-03-2024 16:38,Semi-urgent,Follow-up procedure,X-ray,TRUE,DR39,A-13,0.51,2,7,0.46,30:28.4,,Pediatrics,37:56.5,42:18.1,0,1,Online,2024,Mar,20,Wed,FALSE,1,0.466666667,,,4.275263217,2.824736783,1.533333333,13.41666667,42.48333333,120.0833333,187.8166667,185.0833333,13,2,3,Medium,"(1.999, 3.0]","(6.0, 9.0]","(0.4, 0.5]"
P100154,Senior (61+),Cardiology,Specialist Referral,Medicaid,Walk-in,02-01-2024,02-01-2024 14:30,02-01-2024 14:10,02-01-2024 14:12,02-01-2024 14:21,02-01-2024 14:46,02-01-2024 15:22,02-01-2024 16:47,02-01-2024 16:55,Urgent,Routine checkup,Ultrasound,FALSE,DR41,B-1,0.73,2,15,0.45,10:32.7,16:18.1,Cardiology,16:23.2,46:30.6,1,0,Walk-in,2024,Jan,2,Tue,FALSE,1,-19.46666667,5.767522083,-3.73418875,3.819555033,4.7637783,25.35,36.41666667,84.45,8.566666667,165.4,145.9333333,14,1,1,High,"(1.999, 3.0]","(12.0, 15.0]","(0.4, 0.5]"
P100155,Adult (36-60),Radiology,Urgent Care,None,Walk-in,17-02-2024,17-02-2024 11:00,17-02-2024 10:40,17-02-2024 10:41,17-02-2024 10:45,17-02-2024 11:25,17-02-2024 11:39,17-02-2024 12:18,17-02-2024 12:20,Non-urgent,Chronic condition,Basic labs,FALSE,DR44,D-11,0.52,3,6,0.18,40:31.7,45:58.1,Radiology,40:18.3,25:53.2,1,0,Walk-in,2024,Feb,17,Sat,TRUE,1,-19.48333333,5.451591017,-4.33492435,-1.32854205,5.37854205,40.2,14,38.43333333,2,99.8,80.31666667,10,5,2,Medium,"(1.999, 3.0]","(2.999, 6.0]","(0.099, 0.2]"
P100156,Adult (36-60),Oncology,Follow-up,Medicare,Scheduled,27-01-2024,27-01-2024 11:45,27-01-2024 11:35,27-01-2024 11:39,27-01-2024 11:44,27-01-2024 13:19,27-01-2024 13:26,27-01-2024 13:26,27-01-2024 13:30,Semi-urgent,Vaccination,None,FALSE,DR46,D-15,0.56,2,14,0.35,35:18.4,,Oncology,40:35.6,19:50.7,0,1,Online,2024,Jan,27,Sat,TRUE,1,-9.7,,,1.443175183,3.49015815,95.75,6.75,0,3.533333333,114.8166667,101.2666667,11,5,1,Medium,"(1.999, 3.0]","(12.0, 15.0]","(0.3, 0.4]"
P100157,Adult (36-60),Orthopedics,Specialist Referral,Medicare,Scheduled,18-03-2024,18-03-2024 16:00,18-03-2024 15:58,18-03-2024 16:02,18-03-2024 16:13,18-03-2024 18:39,18-03-2024 18:54,18-03-2024 21:33,18-03-2024 21:41,Non-urgent,Prescription renewal,MRI,FALSE,DR48,C-13,0.59,2,14,0.39,58:35.2,,Orthopedics,08:55.7,39:42.2,0,1,Online,2024,Mar,18,Mon,FALSE,1,-1.416666667,,,6.261550083,4.07178325,146.7,14.33333333,159.6166667,8.066666667,343.1333333,337.6333333,15,0,3,Medium,"(1.999, 3.0]","(12.0, 15.0]","(0.3, 0.4]"
P100158,Adult (36-60),Internal Medicine,Urgent Care,None,Walk-in,02-02-2024,02-02-2024 08:00,02-02-2024 07:29,02-02-2024 07:34,02-02-2024 07:40,02-02-2024 08:14,02-02-2024 08:43,02-02-2024 09:49,02-02-2024 10:35,Emergency,Prescription renewal,MRI,TRUE,DR3,D-11,0.62,7,14,0.31,29:09.9,36:03.1,Internal Medicine,37:13.0,14:12.1,1,0,Walk-in,2024,Feb,2,Fri,FALSE,1,-30.85,6.902484767,-2.019151433,3.18291415,3.700419183,33.28333333,29.51666667,66.06666667,45.5,186.1333333,155.2833333,7,4,2,Medium,"(5.0, 7.0]","(12.0, 15.0]","(0.3, 0.4]"
P100159,Pediatric (0-17),Oncology,New Patient,Medicaid,Scheduled,12-02-2024,12-02-2024 14:15,12-02-2024 13:35,12-02-2024 13:36,12-02-2024 13:37,12-02-2024 13:52,12-02-2024 14:12,12-02-2024 14:12,12-02-2024 14:14,Urgent,Consultation,None,FALSE,DR9,D-8,0.54,6,13,0.37,35:13.1,,Oncology,35:07.8,52:28.7,0,1,Online,2024,Feb,12,Mon,FALSE,1,-39.78333333,,,-1.6033013,2.6033013,14.73333333,19.71666667,0,2,38.96666667,-2.333333333,13,0,2,Medium,"(5.0, 7.0]","(12.0, 15.0]","(0.3, 0.4]"
P100160,Pediatric (0-17),Obstetrics,Specialist Referral,None,Scheduled,17-01-2024,17-01-2024 13:00,17-01-2024 12:40,17-01-2024 12:44,17-01-2024 12:50,17-01-2024 13:04,17-01-2024 13:09,17-01-2024 13:49,17-01-2024 15:19,Emergency,Injury,Ultrasound,TRUE,DR10,A-14,0.38,4,9,0.12,40:38.9,,Obstetrics,47:52.6,04:23.3,0,1,Online,2024,Jan,17,Wed,FALSE,1,-19.36666667,,,3.776832067,2.2898346,14.21666667,5.333333333,39.36666667,90.33333333,158.7833333,135.95,12,2,1,Low,"(3.0, 5.0]","(6.0, 9.0]","(0.099, 0.2]"
P100161,Young Adult (18-35),General Surgery,New Patient,Medicaid,Scheduled,27-02-2024,27-02-2024 10:30,27-02-2024 10:38,27-02-2024 10:43,27-02-2024 10:49,27-02-2024 12:44,27-02-2024 13:20,27-02-2024 15:07,27-02-2024 16:23,Semi-urgent,Chronic condition,Biopsy,TRUE,DR33,D-10,0.89,6,8,0.49,38:36.8,,General Surgery,44:57.4,44:56.3,0,1,Online,2024,Feb,27,Tue,FALSE,1,8.6,,,1.490472833,4.409527167,115.5666667,35.4,107.1166667,76.21666667,345.0666667,348.8,10,1,2,Very High,"(5.0, 7.0]","(6.0, 9.0]","(0.4, 0.5]"
P100162,Pediatric (0-17),Emergency,Urgent Care,Self-pay,Scheduled,09-01-2024,09-01-2024 15:45,09-01-2024 15:52,09-01-2024 15:56,09-01-2024 16:03,09-01-2024 16:41,09-01-2024 17:17,09-01-2024 18:01,09-01-2024 18:19,Urgent,Follow-up procedure,Ultrasound,FALSE,DR49,C-12,0.91,8,13,0.11,52:39.5,,Emergency,00:13.5,41:16.9,0,1,Online,2024,Jan,9,Tue,FALSE,1,7.65,,,3.9920427,3.741290633,37.3,36.68333333,43.56666667,17.61666667,146.4833333,150.55,15,1,1,Very High,"(7.0, 8.0]","(12.0, 15.0]","(0.099, 0.2]"
P100163,Young Adult (18-35),Pediatrics,Follow-up,None,Scheduled,08-02-2024,08-02-2024 12:15,08-02-2024 11:52,08-02-2024 11:53,08-02-2024 12:04,08-02-2024 12:51,08-02-2024 13:26,08-02-2024 14:01,08-02-2024 15:33,Semi-urgent,Acute illness,Basic labs,TRUE,DR27,A-10,0.54,3,8,0.34,52:17.8,,Pediatrics,59:48.3,51:30.8,0,1,Online,2024,Feb,8,Thu,FALSE,1,-22.71666667,,,6.154233083,4.42910025,47.26666667,35.3,35.18333333,91.86666667,221.5666667,197.4833333,11,3,2,Medium,"(1.999, 3.0]","(6.0, 9.0]","(0.3, 0.4]"
P100164,Pediatric (0-17),General Surgery,Follow-up,None,Scheduled,13-02-2024,13-02-2024 13:30,13-02-2024 13:29,13-02-2024 13:34,13-02-2024 13:36,13-02-2024 14:56,13-02-2024 15:29,13-02-2024 16:06,13-02-2024 16:26,Semi-urgent,Vaccination,Ultrasound,FALSE,DR29,B-8,0.79,6,7,0.33,29:25.5,,General Surgery,30:32.6,56:16.3,0,1,Online,2024,Feb,13,Tue,FALSE,1,-0.583333333,,,-3.70638495,5.923051617,79.8,33.03333333,37.66666667,19.2,176.75,171.3333333,13,1,2,High,"(5.0, 7.0]","(6.0, 9.0]","(0.3, 0.4]"
P100165,Adult (36-60),Neurology,Follow-up,Self-pay,Emergency,26-01-2024,26-01-2024 12:30,26-01-2024 12:18,26-01-2024 12:22,26-01-2024 12:24,26-01-2024 12:55,26-01-2024 13:03,26-01-2024 13:59,26-01-2024 15:12,Non-urgent,Injury,X-ray,TRUE,DR5,C-15,0.41,2,10,0.16,18:44.9,24:22.3,Neurology,19:56.1,55:04.7,1,0,Walk-in,2024,Jan,26,Fri,FALSE,1,-11.26666667,5.637924983,-1.821258317,-2.615177133,4.5818438,30.55,8.483333333,55.76666667,73.26666667,173.85,162.5833333,12,4,1,Low,"(1.999, 3.0]","(9.0, 12.0]","(0.099, 0.2]"
P100166,Adult (36-60),Radiology,Specialist Referral,Medicare,Scheduled,03-01-2024,03-01-2024 10:45,03-01-2024 10:34,03-01-2024 10:39,03-01-2024 10:45,03-01-2024 11:51,03-01-2024 11:56,03-01-2024 11:56,03-01-2024 12:05,Semi-urgent,Follow-up procedure,None,FALSE,DR21,D-2,0.6,8,8,0.13,34:31.6,,Radiology,40:32.6,51:22.9,0,1,Online,2024,Jan,3,Wed,FALSE,1,-10.48333333,,,1.3764382,5.356895133,65.46666667,5,0,8.716666667,90.56666667,75.43333333,10,2,1,Medium,"(7.0, 8.0]","(6.0, 9.0]","(0.099, 0.2]"
P100167,Adult (36-60),Orthopedics,Urgent Care,Private,Walk-in,22-03-2024,22-03-2024 16:30,22-03-2024 16:02,22-03-2024 16:03,22-03-2024 16:14,22-03-2024 17:22,22-03-2024 17:45,22-03-2024 18:16,22-03-2024 20:00,Non-urgent,Diagnostic testing,Basic labs,TRUE,DR21,A-1,0.79,2,11,0.23,02:16.3,08:54.0,Orthopedics,10:04.6,22:50.1,1,0,Walk-in,2024,Mar,22,Fri,FALSE,1,-27.73333333,6.6325952,-5.3325952,6.51056565,4.822767683,67.93333333,22.8,30.7,103.8333333,237.9,210.1666667,16,4,3,High,"(1.999, 3.0]","(9.0, 12.0]","(0.2, 0.3]"
P100168,Adult (36-60),General Surgery,Follow-up,Private,Emergency,16-01-2024,16-01-2024 16:45,16-01-2024 16:08,16-01-2024 16:09,16-01-2024 16:17,16-01-2024 17:35,16-01-2024 18:11,16-01-2024 18:37,16-01-2024 20:48,Non-urgent,Injury,Basic labs,TRUE,DR8,B-6,0.8,4,14,0.5,08:39.3,16:24.5,General Surgery,14:17.4,35:13.4,1,0,Walk-in,2024,Jan,16,Tue,FALSE,1,-36.35,7.758551433,-6.491884767,4.37274535,3.143921317,77.78333333,35.9,25.93333333,131.6333333,280.0333333,243.6833333,16,1,1,Very High,"(3.0, 5.0]","(12.0, 15.0]","(0.4, 0.5]"
P100169,Pediatric (0-17),Radiology,New Patient,Medicare,Emergency,23-03-2024,23-03-2024 10:15,23-03-2024 10:14,23-03-2024 10:17,23-03-2024 10:23,23-03-2024 10:37,23-03-2024 10:51,23-03-2024 11:16,23-03-2024 12:00,Semi-urgent,Follow-up procedure,Basic labs,TRUE,DR15,B-8,0.63,5,3,0.16,14:24.1,20:37.0,Radiology,19:33.3,37:03.5,1,0,Walk-in,2024,Mar,23,Sat,TRUE,1,-0.6,6.216628517,-3.133295183,2.071939367,3.578060633,13.91666667,14.06666667,25.16666667,44.6,106.4833333,105.8833333,10,5,3,Medium,"(3.0, 5.0]","(2.999, 6.0]","(0.099, 0.2]"
P100170,Adult (36-60),Obstetrics,Follow-up,Private,Scheduled,10-02-2024,10-02-2024 08:15,10-02-2024 08:34,10-02-2024 08:39,10-02-2024 08:44,10-02-2024 09:59,10-02-2024 10:13,10-02-2024 10:44,10-02-2024 11:24,Non-urgent,Consultation,Basic labs,TRUE,DR25,C-15,0.62,8,8,0.43,34:53.5,,Obstetrics,41:21.9,59:00.8,0,1,Online,2024,Feb,10,Sat,TRUE,1,19.88333333,,,1.8150522,3.2349478,74.4,14.31666667,30.75,40.81666667,170,185.2166667,8,5,2,Medium,"(7.0, 8.0]","(6.0, 9.0]","(0.4, 0.5]"
P100171,Adult (36-60),Internal Medicine,New Patient,None,Scheduled,30-03-2024,30-03-2024 08:45,30-03-2024 08:51,30-03-2024 08:54,30-03-2024 08:59,30-03-2024 09:34,30-03-2024 10:13,30-03-2024 10:31,30-03-2024 11:43,Semi-urgent,Prescription renewal,Basic labs,TRUE,DR9,C-4,0.67,2,5,0.43,51:35.3,,Internal Medicine,53:46.8,34:15.0,0,1,Online,2024,Mar,30,Sat,TRUE,1,6.583333333,,,-0.970353683,5.653687017,34.81666667,39.71666667,17.41666667,72.18333333,171.9833333,175.4,8,5,3,High,"(1.999, 3.0]","(2.999, 6.0]","(0.4, 0.5]"
P100172,Pediatric (0-17),Neurology,New Patient,Medicare,Scheduled,15-02-2024,15-02-2024 12:00,15-02-2024 12:13,15-02-2024 12:16,15-02-2024 12:25,15-02-2024 12:55,15-02-2024 13:28,15-02-2024 14:00,15-02-2024 15:24,Urgent,Chronic condition,Comprehensive labs,TRUE,DR11,A-3,0.56,5,3,0.19,13:07.5,,Neurology,21:05.3,55:04.5,0,1,Online,2024,Feb,15,Thu,FALSE,1,13.11666667,,,4.421121633,4.6122117,29.36666667,33.8,31.31666667,84.61666667,191.6833333,201.25,12,3,2,Medium,"(3.0, 5.0]","(2.999, 6.0]","(0.099, 0.2]"
P100173,Young Adult (18-35),Internal Medicine,Urgent Care,Private,Scheduled,02-03-2024,02-03-2024 09:45,02-03-2024 09:40,02-03-2024 09:44,02-03-2024 09:49,02-03-2024 10:01,02-03-2024 10:21,02-03-2024 10:49,02-03-2024 11:03,Urgent,Follow-up procedure,Basic labs,FALSE,DR20,D-13,0.51,6,11,0.14,40:27.8,,Internal Medicine,46:07.2,01:41.0,0,1,Online,2024,Mar,2,Sat,TRUE,1,-4.55,,,1.80360185,3.279731483,12.26666667,19.43333333,28.36666667,13.66666667,82.68333333,74.26666667,9,5,3,Medium,"(5.0, 7.0]","(9.0, 12.0]","(0.099, 0.2]"
P100174,Pediatric (0-17),Neurology,New Patient,Medicaid,Scheduled,14-02-2024,14-02-2024 09:30,14-02-2024 09:22,14-02-2024 09:25,14-02-2024 09:31,14-02-2024 10:28,14-02-2024 10:43,14-02-2024 11:10,14-02-2024 11:19,Non-urgent,Consultation,Basic labs,FALSE,DR7,B-4,0.82,8,13,0.24,22:21.4,,Neurology,28:28.5,28:50.4,0,1,Online,2024,Feb,14,Wed,FALSE,1,-7.65,,,2.490962983,3.34237035,57.01666667,14.61666667,26.93333333,9.316666667,117.35,106.0666667,9,2,2,Very High,"(7.0, 8.0]","(12.0, 15.0]","(0.2, 0.3]"
P100175,Pediatric (0-17),Cardiology,Specialist Referral,Medicare,Scheduled,13-03-2024,13-03-2024 11:00,13-03-2024 10:52,13-03-2024 10:53,13-03-2024 10:57,13-03-2024 13:49,13-03-2024 14:15,13-03-2024 14:50,13-03-2024 15:04,Semi-urgent,Routine checkup,Basic labs,FALSE,DR50,B-11,0.31,2,12,0.39,52:37.8,,Cardiology,52:30.2,49:01.2,0,1,Online,2024,Mar,13,Wed,FALSE,1,-7.383333333,,,-1.230750167,4.747416833,171.7666667,26.45,35.41666667,13.71666667,251.9833333,243.4833333,10,2,3,Low,"(1.999, 3.0]","(9.0, 12.0]","(0.3, 0.4]"
P100176,Adult (36-60),Radiology,Specialist Referral,Private,Scheduled,31-03-2024,31-03-2024 09:45,31-03-2024 09:27,31-03-2024 09:30,31-03-2024 09:38,31-03-2024 10:25,31-03-2024 10:40,31-03-2024 10:40,31-03-2024 10:45,Semi-urgent,Routine checkup,None,FALSE,DR8,A-5,0.82,7,10,0.32,27:56.4,,Radiology,35:34.5,25:50.2,0,1,Online,2024,Mar,31,Sun,TRUE,1,-17.06666667,,,4.5917295,2.574937167,47.68333333,14.81666667,0,4.9,77.61666667,57.5,9,6,3,Very High,"(5.0, 7.0]","(9.0, 12.0]","(0.3, 0.4]"
P100177,Adult (36-60),Cardiology,Urgent Care,None,Scheduled,04-02-2024,04-02-2024 10:15,04-02-2024 10:39,04-02-2024 10:43,04-02-2024 10:48,04-02-2024 11:34,04-02-2024 12:01,04-02-2024 12:01,04-02-2024 12:32,Urgent,Diagnostic testing,None,TRUE,DR1,C-4,0.95,5,7,0.36,39:36.3,,Cardiology,43:13.4,34:15.0,0,1,Online,2024,Feb,4,Sun,TRUE,1,24.6,,,-0.560281817,5.760281817,45.26666667,26.98333333,0,30.86666667,112.5,132.9166667,10,6,2,Very High,"(3.0, 5.0]","(6.0, 9.0]","(0.3, 0.4]"
P100178,Young Adult (18-35),Obstetrics,Specialist Referral,Self-pay,Scheduled,04-03-2024,04-03-2024 16:45,04-03-2024 16:19,04-03-2024 16:22,04-03-2024 16:26,04-03-2024 17:13,04-03-2024 17:20,04-03-2024 18:32,04-03-2024 19:54,Non-urgent,Consultation,Comprehensive labs,TRUE,DR2,D-2,0.88,5,15,0.1,19:59.0,,Obstetrics,24:17.2,13:54.7,0,1,Online,2024,Mar,4,Mon,FALSE,1,-25.01666667,,,1.787392283,2.09594105,47.51666667,6.416666667,72.05,81.66666667,214.05,186.5166667,16,0,3,Very High,"(3.0, 5.0]","(12.0, 15.0]","(0.099, 0.2]"
P100179,Senior (61+),Cardiology,Urgent Care,Private,Scheduled,19-02-2024,19-02-2024 10:15,19-02-2024 10:09,19-02-2024 10:14,19-02-2024 10:17,19-02-2024 11:05,19-02-2024 11:24,19-02-2024 12:56,19-02-2024 13:01,Non-urgent,Prescription renewal,CT scan,FALSE,DR3,B-1,0.68,4,14,0.15,09:57.8,,Cardiology,12:36.6,05:53.4,0,1,Online,2024,Feb,19,Mon,FALSE,1,-5.05,,,-2.240522333,5.340522333,47.93333333,18.28333333,92.46666667,4.683333333,171.3666667,161.4166667,10,0,2,High,"(3.0, 5.0]","(12.0, 15.0]","(0.099, 0.2]"
P100180,Adult (36-60),Internal Medicine,Specialist Referral,Private,Scheduled,16-03-2024,16-03-2024 08:15,16-03-2024 07:51,16-03-2024 07:54,16-03-2024 08:00,16-03-2024 08:31,16-03-2024 08:51,16-03-2024 09:09,16-03-2024 10:29,Semi-urgent,Routine checkup,Basic labs,TRUE,DR41,D-14,0.71,7,11,0.28,51:37.9,,Internal Medicine,57:15.5,31:36.9,0,1,Online,2024,Mar,16,Sat,TRUE,1,-23.38333333,,,3.091972883,2.808027117,31.53333333,19.56666667,18.65,79.85,158.05,132.1166667,7,5,3,High,"(5.0, 7.0]","(9.0, 12.0]","(0.2, 0.3]"
P100181,Senior (61+),Oncology,Urgent Care,Medicaid,Scheduled,27-01-2024,27-01-2024 11:45,27-01-2024 12:06,27-01-2024 12:09,27-01-2024 12:12,27-01-2024 12:55,27-01-2024 13:19,27-01-2024 13:19,27-01-2024 15:20,Semi-urgent,Prescription renewal,None,TRUE,DR13,A-14,0.52,6,14,0.46,06:52.3,,Oncology,08:55.8,55:30.3,0,1,Online,2024,Jan,27,Sat,TRUE,1,21.86666667,,,-1.053751733,3.5704184,43,23.66666667,0,120.8333333,193.1333333,211.8833333,12,5,1,Medium,"(5.0, 7.0]","(12.0, 15.0]","(0.4, 0.5]"
P100182,Young Adult (18-35),Internal Medicine,New Patient,None,Scheduled,14-02-2024,14-02-2024 13:30,14-02-2024 13:07,14-02-2024 13:08,14-02-2024 13:16,14-02-2024 14:19,14-02-2024 14:31,14-02-2024 14:31,14-02-2024 14:39,Non-urgent,Chronic condition,None,FALSE,DR7,D-9,0.67,5,14,0.3,07:29.7,,Internal Medicine,13:52.3,19:30.3,0,1,Online,2024,Feb,14,Wed,FALSE,1,-22.51666667,,,4.921376183,3.078623817,62.55,11.68333333,0,8.166666667,91.86666667,67.88333333,13,2,2,High,"(3.0, 5.0]","(12.0, 15.0]","(0.2, 0.3]"
P100183,Adult (36-60),Pediatrics,Urgent Care,None,Scheduled,07-01-2024,07-01-2024 11:15,07-01-2024 11:15,07-01-2024 11:19,07-01-2024 11:26,07-01-2024 12:14,07-01-2024 12:26,07-01-2024 12:45,07-01-2024 13:02,Semi-urgent,Acute illness,Basic labs,FALSE,DR3,D-5,0.89,3,9,0.48,15:23.6,,Pediatrics,22:02.2,14:13.8,0,1,Online,2024,Jan,7,Sun,TRUE,1,0.383333333,,,2.102950367,4.680382967,47.5,11.86666667,19.41666667,16.91666667,107.0333333,102.8666667,11,6,1,Very High,"(1.999, 3.0]","(6.0, 9.0]","(0.4, 0.5]"
P100184,Adult (36-60),Radiology,Specialist Referral,Private,Walk-in,17-03-2024,17-03-2024 12:30,17-03-2024 11:57,17-03-2024 12:00,17-03-2024 12:04,17-03-2024 12:22,17-03-2024 12:35,17-03-2024 12:35,17-03-2024 13:10,Non-urgent,Diagnostic testing,None,TRUE,DR45,B-1,0.45,3,11,0.13,57:22.6,04:57.1,Radiology,58:37.9,22:41.6,1,0,Walk-in,2024,Mar,17,Sun,TRUE,1,-32.63333333,7.585173033,-4.9018397,-1.417884167,5.984550833,18.06666667,12.36666667,0,35.91666667,73.6,40.96666667,11,6,3,Low,"(1.999, 3.0]","(9.0, 12.0]","(0.099, 0.2]"
P100185,Young Adult (18-35),Cardiology,Follow-up,Medicaid,Scheduled,10-03-2024,10-03-2024 12:30,10-03-2024 12:07,10-03-2024 12:08,10-03-2024 12:18,10-03-2024 12:48,10-03-2024 13:19,10-03-2024 14:04,10-03-2024 14:18,Semi-urgent,Consultation,CT scan,FALSE,DR16,B-14,0.72,6,8,0.39,07:31.3,,Cardiology,16:23.6,48:58.9,0,1,Online,2024,Mar,10,Sun,TRUE,1,-22.48333333,,,7.409341717,2.040658283,30.53333333,30.3,45.2,14.36666667,131.3166667,107.3666667,12,6,3,High,"(5.0, 7.0]","(6.0, 9.0]","(0.3, 0.4]"
P100186,Adult (36-60),General Surgery,New Patient,Medicare,Scheduled,21-03-2024,21-03-2024 15:00,21-03-2024 14:51,21-03-2024 14:52,21-03-2024 14:59,21-03-2024 16:09,21-03-2024 16:33,21-03-2024 18:10,21-03-2024 18:21,Semi-urgent,Chronic condition,MRI,FALSE,DR45,D-7,0.78,2,8,0.19,51:22.0,,General Surgery,56:37.6,09:21.8,0,1,Online,2024,Mar,21,Thu,FALSE,1,-8.65,,,3.643546133,2.906453867,69.81666667,24.5,96.76666667,11.1,210.3666667,200.0833333,14,3,3,High,"(1.999, 3.0]","(6.0, 9.0]","(0.099, 0.2]"
P100187,Adult (36-60),Cardiology,Follow-up,None,Scheduled,05-02-2024,05-02-2024 08:15,05-02-2024 07:57,05-02-2024 08:01,05-02-2024 08:08,05-02-2024 09:25,05-02-2024 09:48,05-02-2024 11:11,05-02-2024 12:10,Non-urgent,Injury,Comprehensive labs,TRUE,DR4,B-9,0.73,6,5,0.29,57:07.9,,Cardiology,06:10.3,25:36.1,0,1,Online,2024,Feb,5,Mon,FALSE,1,-17.88333333,,,4.188974,2.627692667,76.8,22.8,82.8,58.98333333,253.0666667,230.3166667,7,0,2,High,"(5.0, 7.0]","(2.999, 6.0]","(0.2, 0.3]"
P100188,Pediatric (0-17),Orthopedics,New Patient,None,Walk-in,23-01-2024,23-01-2024 15:00,23-01-2024 14:57,23-01-2024 15:00,23-01-2024 15:08,23-01-2024 16:17,23-01-2024 16:38,23-01-2024 16:38,23-01-2024 16:46,Semi-urgent,Routine checkup,None,FALSE,DR38,D-15,0.38,5,12,0.36,57:39.2,06:49.8,Orthopedics,02:21.9,17:22.5,1,0,Walk-in,2024,Jan,23,Tue,FALSE,1,-2.35,9.17975435,-6.196421017,1.731341717,5.868658283,69.13333333,21.01666667,0,7.65,108.3833333,106.0333333,14,1,1,Low,"(3.0, 5.0]","(9.0, 12.0]","(0.3, 0.4]"
P100189,Young Adult (18-35),Neurology,New Patient,Private,Scheduled,10-03-2024,10-03-2024 12:15,10-03-2024 12:09,10-03-2024 12:13,10-03-2024 12:20,10-03-2024 13:11,10-03-2024 13:22,10-03-2024 13:59,10-03-2024 14:13,Semi-urgent,Vaccination,Basic labs,FALSE,DR39,B-11,0.94,5,13,0.12,09:49.5,,Neurology,17:43.4,11:54.2,0,1,Online,2024,Mar,10,Sun,TRUE,1,-5.183333333,,,3.840192183,2.909807817,51.26666667,10.23333333,37.48333333,13.88333333,123.6833333,114.4333333,12,6,3,Very High,"(3.0, 5.0]","(12.0, 15.0]","(0.099, 0.2]"
P100190,Adult (36-60),Neurology,New Patient,Medicaid,Walk-in,06-02-2024,06-02-2024 16:30,06-02-2024 16:30,06-02-2024 16:31,06-02-2024 16:38,06-02-2024 18:18,06-02-2024 18:30,06-02-2024 19:01,06-02-2024 19:15,Non-urgent,Acute illness,Basic labs,FALSE,DR49,B-2,0.56,7,15,0.38,30:33.8,35:40.2,Neurology,33:56.7,18:39.5,1,0,Walk-in,2024,Feb,6,Tue,FALSE,1,0.55,5.120485283,-3.803818617,2.077800333,4.905533,99.8,11.86666667,31.15,14.11666667,165.2333333,165.7833333,16,1,2,Medium,"(5.0, 7.0]","(12.0, 15.0]","(0.3, 0.4]"
P100191,Senior (61+),Orthopedics,Specialist Referral,Private,Scheduled,04-01-2024,04-01-2024 12:45,04-01-2024 12:19,04-01-2024 12:21,04-01-2024 12:23,04-01-2024 14:02,04-01-2024 14:23,04-01-2024 14:23,04-01-2024 14:32,Non-urgent,Consultation,None,FALSE,DR15,B-10,0.5,4,4,0.15,19:02.6,,Orthopedics,20:47.7,02:04.7,0,1,Online,2024,Jan,4,Thu,FALSE,1,-25.96666667,,,-0.7885066,2.471839933,98.8,21.45,0,8.483333333,132.9666667,104.45,12,3,1,Medium,"(3.0, 5.0]","(2.999, 6.0]","(0.099, 0.2]"
P100192,Young Adult (18-35),Oncology,Follow-up,Private,Scheduled,27-01-2024,27-01-2024 13:45,27-01-2024 13:37,27-01-2024 13:39,27-01-2024 13:44,27-01-2024 15:06,27-01-2024 15:11,27-01-2024 15:29,27-01-2024 15:39,Non-urgent,Chronic condition,Basic labs,FALSE,DR36,A-2,0.85,5,9,0.31,37:43.0,,Oncology,40:07.1,06:12.2,0,1,Online,2024,Jan,27,Sat,TRUE,1,-7.3,,,0.701590367,4.381742967,81.7,5.183333333,18.46666667,9.55,121.7,112.6833333,13,5,1,Very High,"(3.0, 5.0]","(6.0, 9.0]","(0.3, 0.4]"
P100193,Young Adult (18-35),Neurology,Specialist Referral,Private,Walk-in,24-03-2024,24-03-2024 14:45,24-03-2024 14:31,24-03-2024 14:35,24-03-2024 14:40,24-03-2024 15:16,24-03-2024 15:34,24-03-2024 17:30,24-03-2024 17:36,Urgent,Diagnostic testing,CT scan,FALSE,DR40,C-9,0.75,5,5,0.26,31:28.4,33:59.7,Neurology,37:12.0,16:19.9,1,0,Walk-in,2024,Mar,24,Sun,TRUE,1,-13.53333333,2.529044717,1.98762195,1.216904333,2.799762333,36.31666667,17.8,116.0166667,6.283333333,184.95,171.4166667,14,6,3,High,"(3.0, 5.0]","(2.999, 6.0]","(0.2, 0.3]"
P100194,Pediatric (0-17),Internal Medicine,Urgent Care,Medicaid,Scheduled,29-03-2024,29-03-2024 14:00,29-03-2024 13:49,29-03-2024 13:51,29-03-2024 14:02,29-03-2024 15:04,29-03-2024 15:41,29-03-2024 17:25,29-03-2024 18:23,Urgent,Follow-up procedure,CT scan,TRUE,DR25,C-1,0.57,6,15,0.26,49:19.6,,Internal Medicine,56:54.8,04:57.3,0,1,Online,2024,Mar,29,Fri,FALSE,1,-10.68333333,,,5.797136317,5.51953035,62.51666667,36.63333333,103.8166667,57.86666667,273.95,261.4666667,13,4,3,Medium,"(5.0, 7.0]","(12.0, 15.0]","(0.2, 0.3]"
P100195,Pediatric (0-17),Emergency,New Patient,Medicaid,Emergency,10-01-2024,10-01-2024 12:15,10-01-2024 12:16,10-01-2024 12:20,10-01-2024 12:28,10-01-2024 12:47,10-01-2024 12:52,10-01-2024 13:54,10-01-2024 15:48,Emergency,Prescription renewal,Comprehensive labs,TRUE,DR4,B-9,0.62,3,14,0.49,16:45.7,24:12.7,Emergency,24:23.5,47:58.4,1,0,Walk-in,2024,Jan,10,Wed,FALSE,1,1.75,7.4610949,-3.294428233,3.474505983,3.925494017,19.65,5,61.03333333,114.4166667,211.6666667,213.4166667,12,2,1,Medium,"(1.999, 3.0]","(12.0, 15.0]","(0.4, 0.5]"
P100196,Pediatric (0-17),Obstetrics,New Patient,None,Scheduled,29-02-2024,29-02-2024 16:00,29-02-2024 15:53,29-02-2024 15:55,29-02-2024 15:59,29-02-2024 16:52,29-02-2024 17:09,29-02-2024 17:09,29-02-2024 17:27,Non-urgent,Prescription renewal,None,FALSE,DR50,B-11,0.78,3,8,0.32,53:13.3,,Obstetrics,53:47.5,52:05.9,0,1,Online,2024,Feb,29,Thu,FALSE,1,-6.783333333,,,-1.391971883,5.20863855,53.08333333,17.25,0,18.26666667,94.38333333,85.63333333,15,3,2,High,"(1.999, 3.0]","(6.0, 9.0]","(0.3, 0.4]"
P100197,Young Adult (18-35),Orthopedics,Specialist Referral,Private,Scheduled,06-01-2024,06-01-2024 10:15,06-01-2024 10:04,06-01-2024 10:08,06-01-2024 10:15,06-01-2024 12:17,06-01-2024 12:36,06-01-2024 13:57,06-01-2024 14:10,Non-urgent,Consultation,CT scan,FALSE,DR8,D-5,0.86,6,15,0.41,04:52.3,,Orthopedics,10:51.0,17:18.5,0,1,Online,2024,Jan,6,Sat,TRUE,1,-10.13333333,,,2.049826983,4.516839683,121.9333333,19.36666667,81.2,12.68333333,245.6833333,231.6166667,10,5,1,Very High,"(5.0, 7.0]","(12.0, 15.0]","(0.4, 0.5]"
P100198,Senior (61+),Orthopedics,New Patient,Self-pay,Walk-in,04-01-2024,04-01-2024 08:15,04-01-2024 08:00,04-01-2024 08:04,04-01-2024 08:15,04-01-2024 08:25,04-01-2024 08:37,04-01-2024 08:37,04-01-2024 08:59,Non-urgent,Follow-up procedure,None,FALSE,DR34,A-11,0.85,2,8,0.42,00:00.6,07:00.5,Orthopedics,09:25.8,25:35.0,1,0,Walk-in,2024,Jan,4,Thu,FALSE,1,-15,7.007559317,-3.007559317,5.429650033,5.6036833,10.55,12.26666667,0,21.76666667,59.61666667,44.61666667,8,3,1,Very High,"(1.999, 3.0]","(6.0, 9.0]","(0.4, 0.5]"
P100199,Young Adult (18-35),Emergency,Specialist Referral,Medicaid,Scheduled,26-01-2024,26-01-2024 10:15,26-01-2024 09:49,26-01-2024 09:53,26-01-2024 10:00,26-01-2024 10:37,26-01-2024 10:43,26-01-2024 11:21,26-01-2024 13:03,Semi-urgent,Follow-up procedure,Comprehensive labs,TRUE,DR47,D-2,0.31,4,3,0.31,49:47.6,,Emergency,55:26.2,37:25.8,0,1,Online,2024,Jan,26,Fri,FALSE,1,-25.21666667,,,1.83734385,5.01265615,36.96666667,6.183333333,38.3,101.1166667,193.2333333,164.2,9,4,1,Low,"(3.0, 5.0]","(2.999, 6.0]","(0.3, 0.4]"
P100200,Senior (61+),Obstetrics,New Patient,Self-pay,Scheduled,26-03-2024,26-03-2024 12:15,26-03-2024 12:20,26-03-2024 12:22,26-03-2024 12:35,26-03-2024 14:07,26-03-2024 14:32,26-03-2024 14:32,26-03-2024 15:42,Semi-urgent,Chronic condition,None,TRUE,DR6,B-8,0.75,2,9,0.15,20:07.2,,Obstetrics,33:16.5,07:59.6,0,1,Online,2024,Mar,26,Tue,FALSE,1,5.116666667,,,11.00856893,2.341431067,92.36666667,24.61666667,0,69.78333333,202.2666667,205.2333333,12,1,3,High,"(1.999, 3.0]","(6.0, 9.0]","(0.099, 0.2]"
P100201,Young Adult (18-35),Oncology,Follow-up,None,Scheduled,24-01-2024,24-01-2024 10:45,24-01-2024 10:35,24-01-2024 10:37,24-01-2024 10:44,24-01-2024 11:37,24-01-2024 11:50,24-01-2024 14:00,24-01-2024 14:09,Non-urgent,Prescription renewal,MRI,FALSE,DR9,C-11,0.6,4,4,0.25,35:44.4,,Oncology,42:30.8,37:04.4,0,1,Online,2024,Jan,24,Wed,FALSE,1,-9.266666667,,,5.013047567,2.386952433,52.16666667,13.05,129.9166667,9.866666667,214.1666667,203.1333333,10,2,1,Medium,"(3.0, 5.0]","(2.999, 6.0]","(0.2, 0.3]"
P100202,Adult (36-60),Radiology,Urgent Care,Self-pay,Scheduled,10-02-2024,10-02-2024 12:00,10-02-2024 11:19,10-02-2024 11:23,10-02-2024 11:33,10-02-2024 11:50,10-02-2024 12:22,10-02-2024 15:09,10-02-2024 16:25,Semi-urgent,Follow-up procedure,MRI,TRUE,DR38,C-7,0.88,5,6,0.22,19:07.8,,Radiology,31:08.7,50:51.3,0,1,Online,2024,Feb,10,Sat,TRUE,1,-40.88333333,,,7.461571317,2.038428683,17.66666667,31.65,167.2,75.51666667,306.1,260.65,11,5,2,Very High,"(3.0, 5.0]","(2.999, 6.0]","(0.2, 0.3]"
P100203,Young Adult (18-35),General Surgery,Urgent Care,Medicaid,Scheduled,29-03-2024,29-03-2024 10:00,29-03-2024 09:41,29-03-2024 09:44,29-03-2024 09:58,29-03-2024 11:24,29-03-2024 11:29,29-03-2024 13:21,29-03-2024 14:07,Non-urgent,Vaccination,Biopsy,TRUE,DR16,A-12,0.3,8,7,0.32,41:02.0,,General Surgery,54:59.7,24:13.8,0,1,Online,2024,Mar,29,Fri,FALSE,1,-18.96666667,,,10.84452835,3.338804983,85.88333333,5,111.9166667,46.2,266.3,244.2166667,9,4,3,Low,"(7.0, 8.0]","(6.0, 9.0]","(0.3, 0.4]"
P100204,Young Adult (18-35),Radiology,Specialist Referral,None,Walk-in,07-02-2024,07-02-2024 15:30,07-02-2024 15:30,07-02-2024 15:31,07-02-2024 15:41,07-02-2024 16:44,07-02-2024 16:52,07-02-2024 17:25,07-02-2024 18:19,Non-urgent,Routine checkup,Basic labs,TRUE,DR2,B-10,0.33,7,12,0.47,30:03.2,34:13.6,Radiology,37:44.0,44:56.4,1,0,Walk-in,2024,Feb,7,Wed,FALSE,1,0.05,4.175952433,-2.909285767,6.416578267,3.583421733,63.61666667,7.166666667,33.51666667,54.2,169.7666667,169.8166667,15,2,2,Low,"(5.0, 7.0]","(9.0, 12.0]","(0.4, 0.5]"
P100205,Young Adult (18-35),Cardiology,Follow-up,None,Scheduled,22-01-2024,22-01-2024 12:30,22-01-2024 12:10,22-01-2024 12:12,22-01-2024 12:15,22-01-2024 13:29,22-01-2024 13:39,22-01-2024 14:09,22-01-2024 14:16,Non-urgent,Vaccination,Basic labs,FALSE,DR12,C-3,0.68,8,5,0.44,10:16.5,,Cardiology,11:08.4,29:57.7,0,1,Online,2024,Jan,22,Mon,FALSE,1,-19.73333333,,,-1.342953967,4.6262873,74.18333333,9.366666667,30.46666667,6.516666667,126.0333333,104.0833333,12,0,1,High,"(7.0, 8.0]","(2.999, 6.0]","(0.4, 0.5]"
P100206,Young Adult (18-35),Oncology,Specialist Referral,Self-pay,Walk-in,27-03-2024,27-03-2024 15:15,27-03-2024 15:07,27-03-2024 15:10,27-03-2024 15:16,27-03-2024 15:47,27-03-2024 16:09,27-03-2024 16:36,27-03-2024 16:48,Non-urgent,Injury,X-ray,FALSE,DR19,C-10,0.44,7,13,0.2,07:01.6,13:49.4,Oncology,12:05.4,47:23.3,1,0,Walk-in,2024,Mar,27,Wed,FALSE,1,-7.983333333,6.806683533,-3.190016867,1.4571495,4.359517167,30.93333333,21.88333333,27.36666667,11.48333333,101.1,93.11666667,15,2,3,Low,"(5.0, 7.0]","(12.0, 15.0]","(0.099, 0.2]"
P100207,Pediatric (0-17),Emergency,Urgent Care,None,Scheduled,22-02-2024,22-02-2024 12:45,22-02-2024 12:44,22-02-2024 12:48,22-02-2024 12:49,22-02-2024 13:33,22-02-2024 13:44,22-02-2024 14:28,22-02-2024 16:29,Semi-urgent,Post-operative,Basic labs,TRUE,DR40,A-11,0.82,3,3,0.16,44:30.3,,Emergency,44:56.5,33:42.8,0,1,Online,2024,Feb,22,Thu,FALSE,1,-0.5,,,-3.225298783,4.225298783,44.53333333,10.91666667,44.3,120.0833333,224.5,220.3333333,12,3,2,Very High,"(1.999, 3.0]","(2.999, 6.0]","(0.099, 0.2]"
P100208,Pediatric (0-17),Cardiology,Follow-up,Private,Walk-in,15-01-2024,15-01-2024 15:00,15-01-2024 14:48,15-01-2024 14:50,15-01-2024 14:57,15-01-2024 15:45,15-01-2024 16:05,15-01-2024 16:05,15-01-2024 16:08,Non-urgent,Chronic condition,None,FALSE,DR27,C-6,0.7,2,9,0.47,48:01.0,57:30.6,Cardiology,52:26.1,45:31.5,1,0,Walk-in,2024,Jan,15,Mon,FALSE,1,-11.98333333,9.4929342,-6.576267533,1.501470967,5.098529033,47.98333333,19.56666667,0,3.4,80.46666667,68.48333333,14,0,1,High,"(1.999, 3.0]","(6.0, 9.0]","(0.4, 0.5]"
P100209,Senior (61+),General Surgery,Specialist Referral,Self-pay,Scheduled,19-03-2024,19-03-2024 10:30,19-03-2024 10:06,19-03-2024 10:09,19-03-2024 10:17,19-03-2024 10:42,19-03-2024 11:05,19-03-2024 11:40,19-03-2024 12:39,Semi-urgent,Routine checkup,Basic labs,TRUE,DR9,B-6,0.95,3,8,0.44,06:45.8,,General Surgery,12:35.2,42:30.4,0,1,Online,2024,Mar,19,Tue,FALSE,1,-23.25,,,2.753814533,4.596185467,25.31666667,23.06666667,34.95,59.36666667,153.1333333,126.8,10,1,3,Very High,"(1.999, 3.0]","(6.0, 9.0]","(0.4, 0.5]"
P100210,Senior (61+),Cardiology,Urgent Care,Medicaid,Walk-in,27-02-2024,27-02-2024 09:45,27-02-2024 09:02,27-02-2024 09:07,27-02-2024 09:13,27-02-2024 09:19,27-02-2024 09:47,27-02-2024 10:08,27-02-2024 11:08,Semi-urgent,Injury,ECG,TRUE,DR4,A-15,0.82,3,6,0.24,02:26.2,05:18.8,Cardiology,10:16.8,19:25.5,1,0,Walk-in,2024,Feb,27,Tue,FALSE,1,-42.56666667,2.8805645,1.752768833,3.21413295,3.119200383,6.016666667,27.91666667,21.61666667,59.85,126.3666667,83.8,9,1,2,Very High,"(1.999, 3.0]","(2.999, 6.0]","(0.2, 0.3]"
P100211,Senior (61+),Pediatrics,New Patient,Medicare,Scheduled,03-01-2024,03-01-2024 10:30,03-01-2024 10:13,03-01-2024 10:15,03-01-2024 10:21,03-01-2024 12:36,03-01-2024 12:47,03-01-2024 12:47,03-01-2024 14:41,Non-urgent,Injury,None,TRUE,DR2,B-5,0.39,8,6,0.14,13:30.5,,Pediatrics,16:32.4,36:04.6,0,1,Online,2024,Jan,3,Wed,FALSE,1,-16.5,,,1.1228135,5.410519833,134.1166667,11.61666667,0,113.5166667,267.7,249.2833333,10,2,1,Low,"(7.0, 8.0]","(2.999, 6.0]","(0.099, 0.2]"
P100212,Senior (61+),Emergency,Specialist Referral,Medicare,Scheduled,28-01-2024,28-01-2024 09:00,28-01-2024 08:48,28-01-2024 08:51,28-01-2024 09:03,28-01-2024 09:10,28-01-2024 09:42,28-01-2024 10:21,28-01-2024 10:41,Semi-urgent,Diagnostic testing,Basic labs,FALSE,DR17,C-10,0.36,3,6,0.35,48:32.0,,Emergency,57:45.3,10:13.4,0,1,Online,2024,Jan,28,Sun,TRUE,1,-11.48333333,,,6.75480215,5.811864517,6.65,32.33333333,38.75,19.86666667,112.65,98.68333333,8,6,1,Low,"(1.999, 3.0]","(2.999, 6.0]","(0.3, 0.4]"
P100213,Senior (61+),Orthopedics,Follow-up,Medicare,Emergency,28-01-2024,28-01-2024 09:45,28-01-2024 09:38,28-01-2024 09:41,28-01-2024 09:44,28-01-2024 11:02,28-01-2024 11:27,28-01-2024 11:50,28-01-2024 13:29,Non-urgent,Chronic condition,Basic labs,TRUE,DR16,C-5,0.52,2,4,0.36,38:39.3,48:01.8,Orthopedics,41:26.5,02:29.3,1,0,Walk-in,2024,Jan,28,Sun,TRUE,1,-6.35,9.3807364,-6.5807364,-0.008008417,2.624675083,78.41666667,24.93333333,22.76666667,99.08333333,230.6166667,224.2666667,9,6,1,Medium,"(1.999, 3.0]","(2.999, 6.0]","(0.3, 0.4]"
P100214,Young Adult (18-35),Cardiology,Urgent Care,Medicaid,Emergency,08-03-2024,08-03-2024 16:45,08-03-2024 16:30,08-03-2024 16:32,08-03-2024 16:38,08-03-2024 17:28,08-03-2024 17:52,08-03-2024 18:28,08-03-2024 18:36,Non-urgent,Injury,CT scan,FALSE,DR35,A-10,0.72,6,4,0.28,30:11.6,33:18.9,Cardiology,33:43.0,28:21.6,1,0,Walk-in,2024,Mar,8,Fri,FALSE,1,-14.81666667,3.131212533,-1.0978792,1.499199467,4.750800533,49.88333333,24.48333333,35.18333333,8.466666667,126.3,111.4833333,16,4,3,High,"(5.0, 7.0]","(2.999, 6.0]","(0.2, 0.3]"
P100215,Adult (36-60),Internal Medicine,New Patient,Private,Scheduled,11-03-2024,11-03-2024 08:45,11-03-2024 08:11,11-03-2024 08:14,11-03-2024 08:25,11-03-2024 09:18,11-03-2024 09:29,11-03-2024 10:06,11-03-2024 10:19,Semi-urgent,Vaccination,Basic labs,FALSE,DR11,B-11,0.42,7,8,0.22,11:33.3,,Internal Medicine,22:44.4,18:07.0,0,1,Online,2024,Mar,11,Mon,FALSE,1,-33.45,,,8.605902333,2.710764333,52.65,11,37.51666667,12.96666667,128.0333333,92,8,0,3,Low,"(5.0, 7.0]","(6.0, 9.0]","(0.2, 0.3]"
P100216,Pediatric (0-17),Internal Medicine,Specialist Referral,Medicaid,Scheduled,15-03-2024,15-03-2024 13:15,15-03-2024 13:03,15-03-2024 13:05,15-03-2024 13:09,15-03-2024 13:33,15-03-2024 13:47,15-03-2024 13:47,15-03-2024 14:23,Non-urgent,Prescription renewal,None,TRUE,DR16,A-2,0.85,2,6,0.25,03:37.5,,Internal Medicine,05:42.8,33:19.5,0,1,Online,2024,Mar,15,Fri,FALSE,1,-11.38333333,,,0.546143333,4.203856667,23.4,14.58333333,0,35.11666667,79.4,66.46666667,13,4,3,Very High,"(1.999, 3.0]","(2.999, 6.0]","(0.2, 0.3]"
P100217,Senior (61+),General Surgery,New Patient,Self-pay,Scheduled,07-02-2024,07-02-2024 09:30,07-02-2024 09:00,07-02-2024 09:02,07-02-2024 09:08,07-02-2024 10:37,07-02-2024 10:57,07-02-2024 13:34,07-02-2024 13:43,Semi-urgent,Follow-up procedure,MRI,FALSE,DR25,A-14,0.67,2,15,0.44,00:11.2,,General Surgery,04:55.4,37:09.3,0,1,Online,2024,Feb,7,Wed,FALSE,1,-29.81666667,,,2.190803483,3.74252985,88.48333333,19.95,157.7833333,8.75,283.45,251.0833333,9,2,2,High,"(1.999, 3.0]","(12.0, 15.0]","(0.4, 0.5]"
P100218,Pediatric (0-17),Emergency,Urgent Care,None,Scheduled,24-02-2024,24-02-2024 10:15,24-02-2024 09:59,24-02-2024 10:03,24-02-2024 10:07,24-02-2024 11:08,24-02-2024 11:26,24-02-2024 12:28,24-02-2024 14:14,Non-urgent,Diagnostic testing,CT scan,TRUE,DR49,C-13,0.57,5,9,0.44,59:16.0,,Emergency,03:00.7,08:50.9,0,1,Online,2024,Feb,24,Sat,TRUE,1,-15.75,,,-0.18832015,4.471653483,61.35,17.76666667,62.28333333,105.4833333,255.1166667,235.4166667,9,5,2,Medium,"(3.0, 5.0]","(6.0, 9.0]","(0.4, 0.5]"
P100219,Senior (61+),Oncology,New Patient,Private,Scheduled,20-01-2024,20-01-2024 12:00,20-01-2024 11:40,20-01-2024 11:42,20-01-2024 11:48,20-01-2024 12:25,20-01-2024 12:54,20-01-2024 13:39,20-01-2024 15:17,Urgent,Diagnostic testing,Basic labs,TRUE,DR37,A-15,0.73,3,12,0.2,40:43.7,,Oncology,42:20.8,25:27.1,0,1,Online,2024,Jan,20,Sat,TRUE,1,-19.28333333,,,-0.436430633,5.6530973,37.45,29.31666667,44.61666667,98.51666667,217.1833333,195.8333333,11,5,1,High,"(1.999, 3.0]","(9.0, 12.0]","(0.099, 0.2]"
P100220,Pediatric (0-17),General Surgery,Urgent Care,None,Scheduled,02-01-2024,02-01-2024 12:15,02-01-2024 12:09,02-01-2024 12:14,02-01-2024 12:19,02-01-2024 13:32,02-01-2024 13:37,02-01-2024 13:37,02-01-2024 13:50,Non-urgent,Consultation,None,FALSE,DR11,A-11,0.79,3,11,0.41,09:51.8,,General Surgery,17:56.2,32:59.2,0,1,Online,2024,Jan,2,Tue,FALSE,1,-5.15,,,3.635998567,2.014001433,73.03333333,5,0,12.4,100.5333333,90.93333333,12,1,1,High,"(1.999, 3.0]","(9.0, 12.0]","(0.4, 0.5]"
P100221,Pediatric (0-17),Orthopedics,New Patient,Medicaid,Scheduled,19-01-2024,19-01-2024 14:15,19-01-2024 14:06,19-01-2024 14:09,19-01-2024 14:12,19-01-2024 15:30,19-01-2024 15:41,19-01-2024 15:41,19-01-2024 17:15,Non-urgent,Chronic condition,None,TRUE,DR29,A-7,0.78,6,7,0.25,06:27.0,,Orthopedics,10:14.8,30:24.7,0,1,Online,2024,Jan,19,Fri,FALSE,1,-8.55,,,1.163140433,2.553526233,77.6,11.5,0,93.81666667,189.2666667,178.0833333,14,4,1,High,"(5.0, 7.0]","(6.0, 9.0]","(0.2, 0.3]"
P100222,Adult (36-60),General Surgery,New Patient,Private,Scheduled,13-02-2024,13-02-2024 15:00,13-02-2024 15:03,13-02-2024 15:04,13-02-2024 15:15,13-02-2024 16:40,13-02-2024 17:03,13-02-2024 17:50,13-02-2024 17:58,Non-urgent,Post-operative,Stress test,FALSE,DR34,B-6,0.5,5,13,0.34,03:47.1,,General Surgery,12:12.9,40:44.7,0,1,Online,2024,Feb,13,Tue,FALSE,1,3.783333333,,,7.298507833,3.068158833,85.45,23.25,46.85,7.333333333,174.3833333,177.0333333,15,1,2,Medium,"(3.0, 5.0]","(12.0, 15.0]","(0.3, 0.4]"
P100223,Pediatric (0-17),Neurology,Urgent Care,Medicaid,Scheduled,29-02-2024,29-02-2024 10:45,29-02-2024 10:42,29-02-2024 10:43,29-02-2024 10:53,29-02-2024 11:21,29-02-2024 11:27,29-02-2024 12:01,29-02-2024 13:10,Semi-urgent,Chronic condition,Comprehensive labs,TRUE,DR10,D-13,0.58,2,13,0.44,42:18.6,,Neurology,49:36.5,21:04.5,0,1,Online,2024,Feb,29,Thu,FALSE,1,-2.7,,,5.64241315,3.85758685,27.6,6.366666667,33.85,69.7,148.6833333,144.3166667,10,3,2,Medium,"(1.999, 3.0]","(12.0, 15.0]","(0.4, 0.5]"
P100224,Pediatric (0-17),Emergency,Urgent Care,Medicare,Emergency,03-01-2024,03-01-2024 10:45,03-01-2024 10:50,03-01-2024 10:53,03-01-2024 10:55,03-01-2024 11:02,03-01-2024 11:19,03-01-2024 12:29,03-01-2024 12:40,Urgent,Follow-up procedure,CT scan,FALSE,DR37,C-6,0.31,3,11,0.48,50:35.0,53:09.9,Emergency,52:31.3,02:28.2,1,0,Walk-in,2024,Jan,3,Wed,FALSE,1,5.583333333,2.582178667,-0.082178667,-0.561702183,2.861702183,7.083333333,16.78333333,70.4,10.55,109.6166667,115.2,10,2,1,Low,"(1.999, 3.0]","(9.0, 12.0]","(0.4, 0.5]"
P100225,Young Adult (18-35),Radiology,Urgent Care,Medicare,Scheduled,05-02-2024,05-02-2024 11:15,05-02-2024 11:01,05-02-2024 11:04,05-02-2024 11:13,05-02-2024 13:26,05-02-2024 13:37,05-02-2024 13:37,05-02-2024 13:45,Non-urgent,Prescription renewal,None,FALSE,DR13,B-4,0.58,2,3,0.46,01:48.7,,Radiology,10:52.4,26:19.6,0,1,Online,2024,Feb,5,Mon,FALSE,1,-13.2,,,6.256052833,2.193947167,133.25,11.56666667,0,7.566666667,163.65,147.6333333,11,0,2,Medium,"(1.999, 3.0]","(2.999, 6.0]","(0.4, 0.5]"
P100226,Senior (61+),General Surgery,New Patient,Private,Scheduled,17-02-2024,17-02-2024 10:30,17-02-2024 10:27,17-02-2024 10:30,17-02-2024 10:34,17-02-2024 11:07,17-02-2024 11:28,17-02-2024 11:28,17-02-2024 11:40,Semi-urgent,Follow-up procedure,None,FALSE,DR11,B-3,0.73,2,11,0.38,27:33.7,,General Surgery,30:19.9,07:28.4,0,1,Online,2024,Feb,17,Sat,TRUE,1,-2.45,,,0.0649852,4.318348133,32.81666667,20.95,0,12.08333333,72.95,67.78333333,10,5,2,High,"(1.999, 3.0]","(9.0, 12.0]","(0.3, 0.4]"
P100227,Senior (61+),Obstetrics,New Patient,Self-pay,Walk-in,22-01-2024,22-01-2024 15:00,22-01-2024 15:03,22-01-2024 15:07,22-01-2024 15:16,22-01-2024 16:46,22-01-2024 16:57,22-01-2024 16:57,22-01-2024 17:50,Non-urgent,Routine checkup,None,TRUE,DR21,C-14,0.72,3,6,0.34,03:28.8,11:10.0,Obstetrics,13:46.6,46:00.9,1,0,Walk-in,2024,Jan,22,Mon,FALSE,1,3.466666667,7.699485233,-4.082818567,6.69252245,2.274144217,89.95,11.51666667,0,52.95,167,170.4666667,15,0,1,High,"(1.999, 3.0]","(2.999, 6.0]","(0.3, 0.4]"
P100228,Young Adult (18-35),Emergency,Urgent Care,Medicaid,Scheduled,23-01-2024,23-01-2024 16:45,23-01-2024 16:02,23-01-2024 16:06,23-01-2024 16:15,23-01-2024 16:24,23-01-2024 16:42,23-01-2024 18:24,23-01-2024 19:30,Immediate,Acute illness,Biopsy,TRUE,DR30,B-11,0.45,4,4,0.4,02:27.3,,Emergency,13:25.1,24:54.3,0,1,Online,2024,Jan,23,Tue,FALSE,1,-42.55,,,7.00096475,2.215701917,9.266666667,17.83333333,102.2166667,65.08333333,207.5833333,161.0666667,16,1,1,Low,"(3.0, 5.0]","(2.999, 6.0]","(0.3, 0.4]"
P100229,Young Adult (18-35),Obstetrics,Specialist Referral,Medicare,Scheduled,05-01-2024,05-01-2024 13:45,05-01-2024 14:10,05-01-2024 14:14,05-01-2024 14:17,05-01-2024 15:39,05-01-2024 15:50,05-01-2024 15:50,05-01-2024 16:06,Non-urgent,Chronic condition,None,FALSE,DR36,C-14,0.41,5,9,0.21,10:58.6,,Obstetrics,11:47.8,39:09.1,0,1,Online,2024,Jan,5,Fri,FALSE,1,25.96666667,,,-2.32010465,5.886771317,81.46666667,11.58333333,0,15.36666667,115.1333333,137.95,14,4,1,Low,"(3.0, 5.0]","(6.0, 9.0]","(0.2, 0.3]"
P100230,Pediatric (0-17),Emergency,New Patient,Medicaid,Scheduled,12-01-2024,12-01-2024 13:45,12-01-2024 13:46,12-01-2024 13:51,12-01-2024 14:00,12-01-2024 16:24,12-01-2024 16:35,12-01-2024 17:33,12-01-2024 17:44,Non-urgent,Chronic condition,Ultrasound,FALSE,DR24,C-7,0.37,3,7,0.48,46:08.2,,Emergency,57:20.1,24:04.9,0,1,Online,2024,Jan,12,Fri,FALSE,1,1.133333333,,,6.2190037,2.714329633,144.0166667,11.15,58.45,10.8,238.3333333,234.4833333,13,4,1,Low,"(1.999, 3.0]","(6.0, 9.0]","(0.4, 0.5]"
P100231,Pediatric (0-17),Obstetrics,Specialist Referral,Medicaid,Scheduled,06-01-2024,06-01-2024 08:00,06-01-2024 08:11,06-01-2024 08:12,06-01-2024 08:16,06-01-2024 11:02,06-01-2024 11:15,06-01-2024 11:15,06-01-2024 11:27,Non-urgent,Consultation,None,FALSE,DR23,C-1,0.63,2,7,0.21,11:44.9,,Obstetrics,14:36.7,02:13.7,0,1,Online,2024,Jan,6,Sat,TRUE,1,11.73333333,,,1.7277314,2.055601933,165.55,13.3,0,12.16666667,195.95,206.5333333,8,5,1,Medium,"(1.999, 3.0]","(6.0, 9.0]","(0.2, 0.3]"
P100232,Adult (36-60),Radiology,Follow-up,Medicare,Scheduled,04-03-2024,04-03-2024 16:30,04-03-2024 16:15,04-03-2024 16:16,04-03-2024 16:23,04-03-2024 16:31,04-03-2024 16:59,04-03-2024 16:59,04-03-2024 18:08,Urgent,Prescription renewal,None,TRUE,DR16,D-11,0.8,7,13,0.16,15:43.7,,Radiology,19:03.4,31:26.0,0,1,Online,2024,Mar,4,Mon,FALSE,1,-14.28333333,,,2.257468,4.142532,8.233333333,28.01666667,0,68.58333333,112.3166667,96.95,16,0,3,Very High,"(5.0, 7.0]","(12.0, 15.0]","(0.099, 0.2]"
P100233,Pediatric (0-17),General Surgery,Follow-up,Self-pay,Scheduled,13-01-2024,13-01-2024 08:15,13-01-2024 08:05,13-01-2024 08:08,13-01-2024 08:15,13-01-2024 09:29,13-01-2024 10:02,13-01-2024 11:26,13-01-2024 12:36,Non-urgent,Diagnostic testing,Comprehensive labs,TRUE,DR32,C-4,0.9,5,7,0.47,05:00.2,,General Surgery,12:00.1,29:11.5,0,1,Online,2024,Jan,13,Sat,TRUE,1,-10,,,3.085151217,3.898182117,73.28333333,33.75,83.2,70.7,271.8333333,257.9166667,8,5,1,Very High,"(3.0, 5.0]","(6.0, 9.0]","(0.4, 0.5]"
P100234,Adult (36-60),Internal Medicine,Urgent Care,None,Scheduled,16-02-2024,16-02-2024 09:15,16-02-2024 08:46,16-02-2024 08:49,16-02-2024 08:52,16-02-2024 09:22,16-02-2024 09:45,16-02-2024 10:33,16-02-2024 10:44,Emergency,Injury,CT scan,FALSE,DR7,C-13,0.57,5,5,0.34,46:11.9,,Internal Medicine,48:17.1,22:18.8,0,1,Online,2024,Feb,16,Fri,FALSE,1,-28.81666667,,,-1.148434767,4.465101433,29.55,23.3,47.96666667,10.7,118.0833333,86.01666667,8,4,2,Medium,"(3.0, 5.0]","(2.999, 6.0]","(0.3, 0.4]"
P100235,Adult (36-60),General Surgery,Specialist Referral,Self-pay,Scheduled,11-02-2024,11-02-2024 08:45,11-02-2024 08:23,11-02-2024 08:26,11-02-2024 08:34,11-02-2024 09:52,11-02-2024 09:57,11-02-2024 09:57,11-02-2024 10:07,Semi-urgent,Post-operative,None,FALSE,DR33,B-1,0.53,2,8,0.27,23:53.7,,General Surgery,32:15.4,52:24.5,0,1,Online,2024,Feb,11,Sun,TRUE,1,-21.11666667,,,5.98993705,2.16006295,77.98333333,5,0,9.7,103.2166667,79.71666667,8,6,2,Medium,"(1.999, 3.0]","(6.0, 9.0]","(0.2, 0.3]"
P100236,Adult (36-60),Radiology,Specialist Referral,Self-pay,Scheduled,12-03-2024,12-03-2024 15:15,12-03-2024 14:40,12-03-2024 14:42,12-03-2024 14:51,12-03-2024 14:59,12-03-2024 15:18,12-03-2024 15:38,12-03-2024 17:23,Emergency,Diagnostic testing,Basic labs,TRUE,DR13,D-8,0.49,2,7,0.38,40:45.0,,Radiology,46:34.5,59:34.4,0,1,Online,2024,Mar,12,Tue,FALSE,1,-34.26666667,,,4.441292667,4.808707333,8.183333333,18.98333333,19.48333333,105.6,162.9,127.2333333,14,1,3,Medium,"(1.999, 3.0]","(6.0, 9.0]","(0.3, 0.4]"
P100237,Adult (36-60),Obstetrics,Urgent Care,Medicaid,Emergency,12-02-2024,12-02-2024 11:30,12-02-2024 11:01,12-02-2024 11:02,12-02-2024 11:09,12-02-2024 11:45,12-02-2024 11:56,12-02-2024 12:26,12-02-2024 12:35,Semi-urgent,Chronic condition,Basic labs,FALSE,DR13,D-4,0.65,2,14,0.32,01:28.6,08:01.2,Obstetrics,06:30.6,45:05.9,1,0,Walk-in,2024,Feb,12,Mon,FALSE,1,-28.53333333,6.553137567,-5.4364709,3.926970617,2.48969605,36.08333333,11.25,30.26666667,9.05,94.18333333,65.65,11,0,2,High,"(1.999, 3.0]","(12.0, 15.0]","(0.3, 0.4]"
P100238,Adult (36-60),General Surgery,New Patient,Private,Scheduled,01-03-2024,01-03-2024 11:00,01-03-2024 10:54,01-03-2024 10:57,01-03-2024 11:07,01-03-2024 12:42,01-03-2024 13:00,01-03-2024 13:00,01-03-2024 14:24,Non-urgent,Vaccination,None,TRUE,DR16,C-3,0.52,3,15,0.47,54:39.3,,General Surgery,03:47.9,42:24.8,0,1,Online,2024,Mar,1,Fri,FALSE,1,-5.35,,,6.548203,3.301797,95.3,18.03333333,0,84.2,209.9833333,202.0333333,10,4,3,Medium,"(1.999, 3.0]","(12.0, 15.0]","(0.4, 0.5]"
P100239,Senior (61+),Orthopedics,Specialist Referral,None,Scheduled,29-01-2024,29-01-2024 11:30,29-01-2024 11:03,29-01-2024 11:06,29-01-2024 11:14,29-01-2024 11:58,29-01-2024 12:19,29-01-2024 14:37,29-01-2024 14:47,Non-urgent,Consultation,MRI,FALSE,DR30,C-5,0.88,2,12,0.39,03:48.6,,Orthopedics,11:41.0,58:58.3,0,1,Online,2024,Jan,29,Mon,FALSE,1,-26.2,,,5.434029483,3.265970517,44.01666667,20.81666667,137.4166667,9.8,223.2,194.55,11,0,1,Very High,"(1.999, 3.0]","(9.0, 12.0]","(0.3, 0.4]"
P100240,Pediatric (0-17),Cardiology,Follow-up,None,Walk-in,20-03-2024,20-03-2024 13:00,20-03-2024 12:50,20-03-2024 12:53,20-03-2024 13:01,20-03-2024 13:30,20-03-2024 14:00,20-03-2024 14:28,20-03-2024 15:05,Semi-urgent,Diagnostic testing,X-ray,TRUE,DR34,D-8,0.41,5,12,0.28,50:23.6,59:57.5,Cardiology,58:17.1,30:32.1,1,0,Walk-in,2024,Mar,20,Wed,FALSE,1,-9.616666667,9.575758733,-6.659092067,4.984892217,3.03177445,29.21666667,29.81666667,28.53333333,37.1,135.6,125.9833333,12,2,3,Low,"(3.0, 5.0]","(9.0, 12.0]","(0.2, 0.3]"
P100241,Young Adult (18-35),Cardiology,Specialist Referral,None,Emergency,02-02-2024,02-02-2024 11:00,02-02-2024 11:00,02-02-2024 11:04,02-02-2024 11:06,02-02-2024 11:30,02-02-2024 11:56,02-02-2024 13:09,02-02-2024 13:17,Urgent,Vaccination,Comprehensive labs,FALSE,DR9,C-12,0.46,2,11,0.26,00:00.8,06:25.5,Cardiology,03:20.0,30:11.2,1,0,Walk-in,2024,Feb,2,Fri,FALSE,1,0,6.4251869,-1.991853567,-1.100458667,3.500458667,23.35,25.85,73.2,8.133333333,137.3666667,137.3666667,11,4,2,Low,"(1.999, 3.0]","(9.0, 12.0]","(0.2, 0.3]"
P100242,Senior (61+),Internal Medicine,New Patient,Medicaid,Walk-in,13-01-2024,13-01-2024 13:15,13-01-2024 12:50,13-01-2024 12:54,13-01-2024 13:00,13-01-2024 14:01,13-01-2024 14:27,13-01-2024 15:42,13-01-2024 15:52,Semi-urgent,Follow-up procedure,CT scan,FALSE,DR24,D-7,0.89,6,9,0.28,50:05.0,56:26.4,Internal Medicine,55:06.0,01:16.3,1,0,Walk-in,2024,Jan,13,Sat,TRUE,1,-24.91666667,6.357251383,-1.97391805,0.633207633,5.166792367,61,26.45,74.36666667,10.1,182.1,157.1833333,12,5,1,Very High,"(5.0, 7.0]","(6.0, 9.0]","(0.2, 0.3]"
P100243,Pediatric (0-17),Obstetrics,New Patient,Private,Scheduled,06-03-2024,06-03-2024 09:30,06-03-2024 09:18,06-03-2024 09:22,06-03-2024 09:28,06-03-2024 10:34,06-03-2024 10:52,06-03-2024 12:17,06-03-2024 12:21,Non-urgent,Injury,Biopsy,FALSE,DR24,D-8,0.38,2,13,0.35,18:59.8,,Obstetrics,26:15.6,34:31.9,0,1,Online,2024,Mar,6,Wed,FALSE,1,-11.01666667,,,3.34309,2.640243333,65.61666667,18,85.03333333,3.716666667,182.2833333,167.3333333,9,2,3,Low,"(1.999, 3.0]","(12.0, 15.0]","(0.3, 0.4]"
P100244,Young Adult (18-35),Oncology,Urgent Care,Self-pay,Walk-in,24-01-2024,24-01-2024 09:30,24-01-2024 09:23,24-01-2024 09:28,24-01-2024 09:37,24-01-2024 09:45,24-01-2024 10:01,24-01-2024 11:00,24-01-2024 12:09,Non-urgent,Injury,CT scan,TRUE,DR48,A-2,0.91,4,12,0.23,23:21.9,28:11.1,Oncology,33:39.4,45:13.2,1,0,Walk-in,2024,Jan,24,Wed,FALSE,1,-6.65,4.835206083,-0.00187275,5.4738227,3.792843967,7.766666667,16.45,58.71666667,69.1,166.1333333,159.4833333,9,2,1,Very High,"(3.0, 5.0]","(9.0, 12.0]","(0.2, 0.3]"
P100245,Pediatric (0-17),Obstetrics,Urgent Care,Medicare,Scheduled,18-03-2024,18-03-2024 13:00,18-03-2024 12:49,18-03-2024 12:54,18-03-2024 13:00,18-03-2024 13:41,18-03-2024 14:00,18-03-2024 14:00,18-03-2024 15:39,Semi-urgent,Vaccination,None,TRUE,DR1,A-4,0.87,5,8,0.49,49:47.9,,Obstetrics,55:20.3,41:02.5,0,1,Online,2024,Mar,18,Mon,FALSE,1,-10.21666667,,,1.121004867,4.7456618,40.95,19.11666667,0,99.1,169.4666667,154.8166667,12,0,3,Very High,"(3.0, 5.0]","(6.0, 9.0]","(0.4, 0.5]"
P100246,Senior (61+),Obstetrics,Follow-up,Private,Walk-in,06-02-2024,06-02-2024 11:30,06-02-2024 10:47,06-02-2024 10:49,06-02-2024 10:58,06-02-2024 11:21,06-02-2024 11:41,06-02-2024 13:41,06-02-2024 14:00,Non-urgent,Post-operative,CT scan,FALSE,DR14,D-11,0.38,4,4,0.43,47:19.6,56:49.1,Obstetrics,54:42.3,21:30.3,1,0,Walk-in,2024,Feb,6,Tue,FALSE,1,-42.68333333,9.500989133,-6.8676558,4.754887083,3.811779583,22.98333333,20.41666667,119.6166667,18.93333333,193.15,150.4666667,10,1,2,Low,"(3.0, 5.0]","(2.999, 6.0]","(0.4, 0.5]"
P100247,Senior (61+),Oncology,New Patient,Medicare,Emergency,26-01-2024,26-01-2024 08:15,26-01-2024 08:07,26-01-2024 08:09,26-01-2024 08:10,26-01-2024 09:54,26-01-2024 10:09,26-01-2024 10:45,26-01-2024 11:15,Non-urgent,Acute illness,Ultrasound,FALSE,DR47,A-14,0.68,2,8,0.38,07:12.2,16:48.9,Oncology,04:36.1,54:32.0,1,0,Walk-in,2024,Jan,26,Fri,FALSE,1,-7.8,9.615091033,-7.715091033,-4.4982308,5.4982308,104.4166667,15.35,35.38333333,30.26666667,188.3166667,180.5166667,8,4,1,High,"(1.999, 3.0]","(6.0, 9.0]","(0.3, 0.4]"
P100248,Senior (61+),Obstetrics,Follow-up,Medicare,Emergency,14-01-2024,14-01-2024 13:30,14-01-2024 13:20,14-01-2024 13:23,14-01-2024 13:26,14-01-2024 13:43,14-01-2024 14:03,14-01-2024 15:16,14-01-2024 15:23,Non-urgent,Injury,Stress test,FALSE,DR32,C-13,0.32,3,10,0.14,20:48.2,30:32.4,Obstetrics,22:21.2,43:56.1,1,0,Walk-in,2024,Jan,14,Sun,TRUE,1,-9.2,9.739356217,-6.839356217,-1.346247517,3.87958085,17.7,19.95,73,6.7,122.7833333,113.5833333,13,6,1,Low,"(1.999, 3.0]","(9.0, 12.0]","(0.099, 0.2]"
P100249,Adult (36-60),Oncology,Specialist Referral,Self-pay,Scheduled,22-03-2024,22-03-2024 16:00,22-03-2024 15:46,22-03-2024 15:51,22-03-2024 15:54,22-03-2024 16:41,22-03-2024 17:05,22-03-2024 17:42,22-03-2024 18:31,Semi-urgent,Diagnostic testing,ECG,TRUE,DR18,B-1,0.91,6,14,0.3,46:59.9,,Oncology,51:17.1,41:16.5,0,1,Online,2024,Mar,22,Fri,FALSE,1,-13.01666667,,,0.118014467,3.065318867,46.91666667,24.21666667,37.2,48.48333333,164.1833333,146.9833333,15,4,3,Very High,"(5.0, 7.0]","(12.0, 15.0]","(0.2, 0.3]"
P100250,Young Adult (18-35),Radiology,Specialist Referral,Self-pay,Scheduled,11-02-2024,11-02-2024 12:45,11-02-2024 12:30,11-02-2024 12:33,11-02-2024 12:46,11-02-2024 14:20,11-02-2024 14:35,11-02-2024 14:54,11-02-2024 15:06,Non-urgent,Follow-up procedure,Basic labs,FALSE,DR39,D-12,0.81,5,5,0.27,30:09.4,,Radiology,42:06.0,20:08.3,0,1,Online,2024,Feb,11,Sun,TRUE,1,-14.85,,,8.682941867,4.750391467,93.28333333,15.4,18.61666667,12.71666667,156.7166667,138.6,12,6,2,Very High,"(3.0, 5.0]","(2.999, 6.0]","(0.2, 0.3]"
P100251,Young Adult (18-35),Internal Medicine,New Patient,Medicaid,Scheduled,11-01-2024,11-01-2024 10:00,11-01-2024 09:58,11-01-2024 10:02,11-01-2024 10:10,11-01-2024 12:06,11-01-2024 12:14,11-01-2024 12:14,11-01-2024 13:20,Semi-urgent,Diagnostic testing,None,TRUE,DR11,B-14,0.69,5,10,0.33,58:39.8,,Internal Medicine,04:58.4,06:09.7,0,1,Online,2024,Jan,11,Thu,FALSE,1,-1.35,,,2.473537483,5.243129183,115.9333333,8.583333333,0,66.13333333,202.2166667,197.0166667,9,3,1,High,"(3.0, 5.0]","(9.0, 12.0]","(0.3, 0.4]"
P100252,Pediatric (0-17),Cardiology,Specialist Referral,Medicaid,Scheduled,01-03-2024,01-03-2024 14:15,01-03-2024 14:00,01-03-2024 14:03,01-03-2024 14:11,01-03-2024 17:57,01-03-2024 18:20,01-03-2024 18:20,01-03-2024 18:22,Semi-urgent,Routine checkup,None,FALSE,DR14,C-3,0.81,4,6,0.32,00:35.0,,Cardiology,09:01.1,57:05.8,0,1,Online,2024,Mar,1,Fri,FALSE,1,-14.43333333,,,5.48520515,2.01479485,226.05,23.61666667,0,2,262.1333333,244.7333333,14,4,3,Very High,"(3.0, 5.0]","(2.999, 6.0]","(0.3, 0.4]"
P100253,Young Adult (18-35),Oncology,Urgent Care,Medicare,Scheduled,23-02-2024,23-02-2024 16:45,23-02-2024 16:32,23-02-2024 16:37,23-02-2024 16:41,23-02-2024 16:44,23-02-2024 17:11,23-02-2024 18:44,23-02-2024 19:10,Semi-urgent,Prescription renewal,Stress test,FALSE,DR5,D-15,0.81,5,6,0.15,32:59.8,,Oncology,37:11.8,44:06.6,0,1,Online,2024,Feb,23,Fri,FALSE,1,-12.01666667,,,-0.353391333,4.720058,2.183333333,27.11666667,93.4,25.55,157.1833333,140.6,16,4,2,Very High,"(3.0, 5.0]","(2.999, 6.0]","(0.099, 0.2]"
P100254,Senior (61+),Orthopedics,Specialist Referral,None,Emergency,10-03-2024,10-03-2024 15:15,10-03-2024 15:28,10-03-2024 15:33,10-03-2024 15:40,10-03-2024 16:58,10-03-2024 17:03,10-03-2024 17:03,10-03-2024 18:40,Non-urgent,Consultation,None,TRUE,DR45,D-5,0.93,6,4,0.37,28:58.5,35:35.3,Orthopedics,38:26.9,58:07.9,1,0,Walk-in,2024,Mar,10,Sun,TRUE,1,13.96666667,6.622497183,-2.08916385,4.948236733,2.418429933,77.25,5,0,97.8,191.95,205.9166667,15,6,3,Very High,"(5.0, 7.0]","(2.999, 6.0]","(0.3, 0.4]"
P100255,Adult (36-60),Emergency,Specialist Referral,Medicaid,Scheduled,07-02-2024,07-02-2024 12:45,07-02-2024 12:42,07-02-2024 12:44,07-02-2024 12:57,07-02-2024 13:12,07-02-2024 13:29,07-02-2024 13:29,07-02-2024 14:35,Emergency,Prescription renewal,None,TRUE,DR44,B-3,0.77,5,9,0.15,42:37.6,,Emergency,55:44.2,12:42.3,0,1,Online,2024,Feb,7,Wed,FALSE,1,-2.383333333,,,11.46981083,2.180189167,14.78333333,16.61666667,0,66.45,113.15,109.1166667,12,2,2,High,"(3.0, 5.0]","(6.0, 9.0]","(0.099, 0.2]"
P100256,Pediatric (0-17),Orthopedics,Urgent Care,Medicare,Scheduled,22-01-2024,22-01-2024 10:30,22-01-2024 09:48,22-01-2024 09:52,22-01-2024 10:03,22-01-2024 10:58,22-01-2024 11:20,22-01-2024 11:50,22-01-2024 13:57,Semi-urgent,Follow-up procedure,Basic labs,TRUE,DR44,B-7,0.31,5,14,0.33,48:53.0,,Orthopedics,59:30.3,58:59.0,0,1,Online,2024,Jan,22,Mon,FALSE,1,-41.13333333,,,7.32174595,3.911587383,55.56666667,21.05,30.68333333,126.75,248.6,204.15,9,0,1,Low,"(3.0, 5.0]","(12.0, 15.0]","(0.3, 0.4]"
P100257,Senior (61+),Radiology,Urgent Care,Medicaid,Walk-in,30-01-2024,30-01-2024 11:30,30-01-2024 11:28,30-01-2024 11:32,30-01-2024 11:35,30-01-2024 12:17,30-01-2024 12:27,30-01-2024 12:27,30-01-2024 12:41,Non-urgent,Acute illness,None,FALSE,DR39,B-7,0.8,8,15,0.2,28:17.5,32:59.3,Radiology,32:07.1,17:27.6,1,0,Walk-in,2024,Jan,30,Tue,FALSE,1,-1.716666667,4.704801267,-0.971467933,0.101526917,3.36513975,41.96666667,9.6,0,14.45,73.21666667,71.5,11,1,1,Very High,"(7.0, 8.0]","(12.0, 15.0]","(0.099, 0.2]"
P100258,Senior (61+),Obstetrics,Follow-up,Private,Scheduled,27-03-2024,27-03-2024 12:00,27-03-2024 11:43,27-03-2024 11:46,27-03-2024 11:53,27-03-2024 11:55,27-03-2024 12:22,27-03-2024 12:42,27-03-2024 12:51,Immediate,Diagnostic testing,Basic labs,FALSE,DR12,D-12,0.83,8,15,0.43,43:59.6,,Obstetrics,47:45.9,55:44.8,0,1,Online,2024,Mar,27,Wed,FALSE,1,-16.01666667,,,1.264210617,5.985789383,1.983333333,26.26666667,20.75,8.616666667,67.38333333,48.85,11,2,3,Very High,"(7.0, 8.0]","(12.0, 15.0]","(0.4, 0.5]"
P100259,Young Adult (18-35),Emergency,Specialist Referral,Medicaid,Scheduled,26-01-2024,26-01-2024 12:30,26-01-2024 12:23,26-01-2024 12:25,26-01-2024 12:35,26-01-2024 12:51,26-01-2024 13:06,26-01-2024 13:37,26-01-2024 15:43,Semi-urgent,Injury,Comprehensive labs,TRUE,DR38,D-11,0.45,3,13,0.49,23:21.6,,Emergency,33:01.9,51:35.2,0,1,Online,2024,Jan,26,Fri,FALSE,1,-6.65,,,7.731973383,2.634693283,15.91666667,15.18333333,30.6,126.5833333,200.6,192,12,4,1,Low,"(1.999, 3.0]","(12.0, 15.0]","(0.4, 0.5]"
P100260,Young Adult (18-35),Neurology,New Patient,Medicare,Emergency,08-03-2024,08-03-2024 09:00,08-03-2024 08:45,08-03-2024 08:46,08-03-2024 08:51,08-03-2024 10:10,08-03-2024 10:36,08-03-2024 13:09,08-03-2024 14:05,Non-urgent,Follow-up procedure,MRI,TRUE,DR8,C-14,0.3,2,10,0.42,45:07.4,49:05.0,Neurology,46:13.9,10:07.1,1,0,Walk-in,2024,Mar,8,Fri,FALSE,1,-14.88333333,3.9668032,-2.2668032,-0.58480775,4.768141083,79.11666667,25.88333333,153.9333333,55.96666667,320.7833333,305.9,8,4,3,Low,"(1.999, 3.0]","(9.0, 12.0]","(0.4, 0.5]"
P100261,Young Adult (18-35),Neurology,Urgent Care,Medicare,Scheduled,12-03-2024,12-03-2024 11:15,12-03-2024 10:54,12-03-2024 10:57,12-03-2024 11:02,12-03-2024 11:57,12-03-2024 12:19,12-03-2024 12:19,12-03-2024 12:29,Urgent,Consultation,None,FALSE,DR41,A-8,0.59,7,15,0.39,54:36.9,,Neurology,59:41.7,57:47.3,0,1,Online,2024,Mar,12,Tue,FALSE,1,-20.4,,,2.67845995,3.054873383,55.03333333,21.35,0,10.61666667,95.15,72.33333333,10,1,3,Medium,"(5.0, 7.0]","(12.0, 15.0]","(0.3, 0.4]"
P100262,Pediatric (0-17),Neurology,New Patient,Medicare,Scheduled,21-01-2024,21-01-2024 11:45,21-01-2024 11:17,21-01-2024 11:20,21-01-2024 11:21,21-01-2024 11:45,21-01-2024 12:11,21-01-2024 12:44,21-01-2024 12:52,Urgent,Routine checkup,Basic labs,FALSE,DR30,A-1,0.72,2,6,0.3,17:46.9,,Neurology,16:46.7,45:17.1,0,1,Online,2024,Jan,21,Sun,TRUE,1,-27.23333333,,,-3.42137555,4.788042217,23.71666667,26.28333333,32.8,8.216666667,94.81666667,65.15,11,6,1,High,"(1.999, 3.0]","(2.999, 6.0]","(0.2, 0.3]"
P100263,Adult (36-60),Orthopedics,New Patient,Self-pay,Scheduled,22-03-2024,22-03-2024 09:00,22-03-2024 08:47,22-03-2024 08:52,22-03-2024 08:59,22-03-2024 09:06,22-03-2024 09:20,22-03-2024 10:41,22-03-2024 11:32,Emergency,Chronic condition,Ultrasound,TRUE,DR43,B-4,0.41,2,11,0.33,47:34.0,,Orthopedics,53:46.5,06:40.4,0,1,Online,2024,Mar,22,Fri,FALSE,1,-12.45,,,1.7753232,5.991343467,6.9,13.65,81.26666667,50.71666667,164.75,147.85,8,4,3,Low,"(1.999, 3.0]","(9.0, 12.0]","(0.3, 0.4]"
P100264,Pediatric (0-17),Emergency,Specialist Referral,Medicare,Scheduled,24-02-2024,24-02-2024 15:45,24-02-2024 14:56,24-02-2024 14:59,24-02-2024 15:06,24-02-2024 16:37,24-02-2024 16:51,24-02-2024 17:34,24-02-2024 17:44,Non-urgent,Diagnostic testing,Ultrasound,FALSE,DR40,C-9,0.88,2,5,0.27,56:09.8,,Emergency,01:48.5,37:55.6,0,1,Online,2024,Feb,24,Sat,TRUE,1,-48.85,,,2.2918913,4.541442033,91.56666667,14.05,42.05,10.7,168.5666667,116.35,14,5,2,Very High,"(1.999, 3.0]","(2.999, 6.0]","(0.2, 0.3]"
P100265,Pediatric (0-17),Orthopedics,Follow-up,Self-pay,Scheduled,02-03-2024,02-03-2024 09:45,02-03-2024 09:53,02-03-2024 09:57,02-03-2024 10:05,02-03-2024 12:54,02-03-2024 13:13,02-03-2024 13:13,02-03-2024 15:12,Semi-urgent,Injury,None,TRUE,DR5,C-2,0.7,6,5,0.26,53:48.5,,Orthopedics,59:48.2,54:13.6,0,1,Online,2024,Mar,2,Sat,TRUE,1,8.8,,,1.970161967,5.963171367,168.45,19.73333333,0,118.9,319.05,323.8166667,9,5,3,High,"(5.0, 7.0]","(2.999, 6.0]","(0.2, 0.3]"
P100266,Young Adult (18-35),Obstetrics,Urgent Care,Medicare,Walk-in,22-03-2024,22-03-2024 14:00,22-03-2024 13:35,22-03-2024 13:39,22-03-2024 13:47,22-03-2024 16:29,22-03-2024 16:44,22-03-2024 17:32,22-03-2024 17:49,Non-urgent,Acute illness,Comprehensive labs,FALSE,DR5,D-8,0.58,5,13,0.21,35:30.8,42:38.6,Obstetrics,44:48.7,29:03.7,1,0,Walk-in,2024,Mar,22,Fri,FALSE,1,-24.5,7.142867183,-3.30953385,5.478172167,2.821827833,161.4166667,15.56666667,48.35,16.1,253.5666667,229.0666667,13,4,3,Medium,"(3.0, 5.0]","(12.0, 15.0]","(0.2, 0.3]"
P100267,Senior (61+),Neurology,New Patient,None,Scheduled,01-01-2024,01-01-2024 13:30,01-01-2024 13:39,01-01-2024 13:40,01-01-2024 13:47,01-01-2024 14:26,01-01-2024 14:31,01-01-2024 16:14,01-01-2024 17:55,Semi-urgent,Routine checkup,CT scan,TRUE,DR27,A-9,0.76,4,11,0.21,39:21.7,,Neurology,44:34.1,26:53.3,0,1,Online,2024,Jan,1,Mon,FALSE,1,9.35,,,4.001639283,3.03169405,39.28333333,5,102.2666667,100.9,255.7,263.8333333,13,0,1,High,"(3.0, 5.0]","(9.0, 12.0]","(0.2, 0.3]"
P100268,Pediatric (0-17),General Surgery,Follow-up,Medicaid,Scheduled,30-01-2024,30-01-2024 08:45,30-01-2024 08:27,30-01-2024 08:29,30-01-2024 08:42,30-01-2024 09:15,30-01-2024 09:33,30-01-2024 09:55,30-01-2024 11:10,Urgent,Routine checkup,ECG,TRUE,DR17,A-10,0.51,7,5,0.18,27:46.7,,General Surgery,36:59.4,15:12.6,0,1,Online,2024,Jan,30,Tue,FALSE,1,-17.23333333,,,7.373739233,5.676260767,32.53333333,17.91666667,21.91666667,75.6,162.8666667,143.7833333,8,1,1,Medium,"(5.0, 7.0]","(2.999, 6.0]","(0.099, 0.2]"
P100269,Adult (36-60),Obstetrics,New Patient,None,Scheduled,29-03-2024,29-03-2024 13:30,29-03-2024 13:16,29-03-2024 13:20,29-03-2024 13:26,29-03-2024 14:21,29-03-2024 14:30,29-03-2024 15:08,29-03-2024 15:17,Non-urgent,Routine checkup,Ultrasound,FALSE,DR39,D-5,0.44,2,4,0.21,16:05.8,,Obstetrics,24:47.6,21:31.8,0,1,Online,2024,Mar,29,Fri,FALSE,1,-13.91666667,,,4.4101916,2.0898084,54.63333333,8.616666667,38.58333333,8.616666667,121.25,103.0333333,13,4,3,Low,"(1.999, 3.0]","(2.999, 6.0]","(0.2, 0.3]"
P100270,Young Adult (18-35),Emergency,Follow-up,None,Scheduled,16-02-2024,16-02-2024 10:15,16-02-2024 09:56,16-02-2024 09:59,16-02-2024 10:10,16-02-2024 10:26,16-02-2024 10:35,16-02-2024 10:35,16-02-2024 10:39,Semi-urgent,Consultation,None,FALSE,DR47,C-2,0.64,2,9,0.24,56:17.4,,Emergency,07:31.9,26:57.5,0,1,Online,2024,Feb,16,Fri,FALSE,1,-18.71666667,,,8.098261817,3.185071517,16.23333333,8.166666667,0,4.733333333,43.56666667,21.7,9,4,2,High,"(1.999, 3.0]","(6.0, 9.0]","(0.2, 0.3]"
P100271,Senior (61+),Cardiology,Specialist Referral,Medicaid,Scheduled,19-01-2024,19-01-2024 08:00,19-01-2024 07:56,19-01-2024 08:00,19-01-2024 08:01,19-01-2024 08:08,19-01-2024 08:23,19-01-2024 08:23,19-01-2024 10:15,Non-urgent,Follow-up procedure,None,TRUE,DR8,C-10,0.87,2,14,0.33,56:25.0,,Cardiology,56:53.7,08:31.7,0,1,Online,2024,Jan,19,Fri,FALSE,1,-3.583333333,,,-3.2554151,4.2554151,7.366666667,15.25,0,111.8833333,139.2333333,131.9166667,7,4,1,Very High,"(1.999, 3.0]","(12.0, 15.0]","(0.3, 0.4]"
P100272,Pediatric (0-17),Internal Medicine,New Patient,Private,Scheduled,19-03-2024,19-03-2024 09:00,19-03-2024 08:45,19-03-2024 08:48,19-03-2024 08:52,19-03-2024 11:28,19-03-2024 11:41,19-03-2024 12:23,19-03-2024 12:36,Non-urgent,Routine checkup,CT scan,FALSE,DR7,A-7,0.64,7,3,0.41,45:36.6,,Internal Medicine,49:50.4,28:57.9,0,1,Online,2024,Mar,19,Tue,FALSE,1,-14.4,,,1.539416433,3.010583567,156.1,12.83333333,41.76666667,13.05,231,213.9,8,1,3,High,"(5.0, 7.0]","(2.999, 6.0]","(0.4, 0.5]"
P100273,Young Adult (18-35),General Surgery,Specialist Referral,Self-pay,Emergency,03-02-2024,03-02-2024 16:45,03-02-2024 16:26,03-02-2024 16:30,03-02-2024 16:35,03-02-2024 19:15,03-02-2024 19:20,03-02-2024 19:20,03-02-2024 19:35,Non-urgent,Acute illness,None,FALSE,DR1,D-12,0.42,3,11,0.24,26:38.6,34:12.3,General Surgery,31:28.3,15:03.5,1,0,Walk-in,2024,Feb,3,Sat,TRUE,1,-18.36666667,7.572315,-3.738981667,1.005228467,4.0614382,159.5166667,5,0,15.46666667,188.8833333,170.5166667,16,5,2,Low,"(1.999, 3.0]","(9.0, 12.0]","(0.2, 0.3]"
P100274,Young Adult (18-35),Radiology,Specialist Referral,Private,Scheduled,02-02-2024,02-02-2024 08:15,02-02-2024 07:42,02-02-2024 07:45,02-02-2024 07:54,02-02-2024 09:14,02-02-2024 09:25,02-02-2024 10:15,02-02-2024 10:34,Non-urgent,Diagnostic testing,Ultrasound,FALSE,DR47,A-13,0.9,7,11,0.11,42:51.2,,Radiology,51:19.1,14:07.1,0,1,Online,2024,Feb,2,Fri,FALSE,1,-32.15,,,5.55086105,3.44913895,79.35,11.03333333,50.16666667,19.43333333,171.9,136.8333333,7,4,2,Very High,"(5.0, 7.0]","(9.0, 12.0]","(0.099, 0.2]"
P100275,Pediatric (0-17),Radiology,New Patient,Medicare,Scheduled,12-03-2024,12-03-2024 15:15,12-03-2024 15:03,12-03-2024 15:05,12-03-2024 15:16,12-03-2024 15:53,12-03-2024 16:23,12-03-2024 16:23,12-03-2024 16:39,Semi-urgent,Follow-up procedure,None,FALSE,DR12,C-8,0.82,3,5,0.35,03:00.6,,Radiology,10:20.1,53:18.7,0,1,Online,2024,Mar,12,Tue,FALSE,1,-12,,,4.884727883,5.815272117,37.15,29.93333333,0,16.56666667,96.8,82.35,15,1,3,Very High,"(1.999, 3.0]","(2.999, 6.0]","(0.3, 0.4]"
P100276,Senior (61+),Obstetrics,New Patient,Self-pay,Walk-in,24-02-2024,24-02-2024 10:15,24-02-2024 10:14,24-02-2024 10:16,24-02-2024 10:28,24-02-2024 10:59,24-02-2024 11:22,24-02-2024 11:22,24-02-2024 11:36,Urgent,Post-operative,None,FALSE,DR36,C-15,0.8,5,15,0.37,14:39.8,22:01.1,Obstetrics,23:36.3,59:49.7,1,0,Walk-in,2024,Feb,24,Sat,TRUE,1,-0.35,7.367513133,-5.550846467,7.137514417,4.42915225,31.78333333,23.08333333,0,13.45,81.7,81.35,10,5,2,Very High,"(3.0, 5.0]","(12.0, 15.0]","(0.3, 0.4]"
P100277,Young Adult (18-35),Neurology,Specialist Referral,Medicaid,Scheduled,02-03-2024,02-03-2024 08:45,02-03-2024 08:41,02-03-2024 08:45,02-03-2024 08:50,02-03-2024 09:13,02-03-2024 09:18,02-03-2024 09:52,02-03-2024 10:02,Emergency,Follow-up procedure,Comprehensive labs,FALSE,DR8,B-14,0.89,6,11,0.2,41:20.7,,Neurology,46:35.6,13:28.9,0,1,Online,2024,Mar,2,Sat,TRUE,1,-3.666666667,,,1.5437255,3.572941167,23.3,5,34.35,9.65,81.13333333,73.75,8,5,3,Very High,"(5.0, 7.0]","(9.0, 12.0]","(0.099, 0.2]"
P100278,Senior (61+),Pediatrics,New Patient,Private,Scheduled,20-02-2024,20-02-2024 16:30,20-02-2024 16:06,20-02-2024 16:09,20-02-2024 16:13,20-02-2024 16:26,20-02-2024 16:40,20-02-2024 16:40,20-02-2024 18:05,Non-urgent,Acute illness,None,TRUE,DR3,C-10,0.42,6,10,0.17,06:31.5,,Pediatrics,09:40.8,26:01.2,0,1,Online,2024,Feb,20,Tue,FALSE,1,-23.48333333,,,-0.1206396,3.487306267,12.85,14.03333333,0,85.35,118.8833333,92.11666667,16,1,2,Low,"(5.0, 7.0]","(9.0, 12.0]","(0.099, 0.2]"
P100279,Adult (36-60),Radiology,Specialist Referral,None,Emergency,10-03-2024,10-03-2024 08:30,10-03-2024 08:32,10-03-2024 08:33,10-03-2024 08:34,10-03-2024 10:07,10-03-2024 10:32,10-03-2024 11:07,10-03-2024 11:25,Non-urgent,Diagnostic testing,X-ray,FALSE,DR48,C-1,0.81,3,14,0.38,32:37.6,40:07.6,Radiology,30:48.4,07:12.3,1,0,Walk-in,2024,Mar,10,Sun,TRUE,1,2.616666667,7.51069925,-6.177365917,-3.14327235,4.14327235,92.25,25.61666667,34.75,17.75,172.7,175.3166667,8,6,3,Very High,"(1.999, 3.0]","(12.0, 15.0]","(0.3, 0.4]"
P100280,Adult (36-60),Pediatrics,Specialist Referral,Medicare,Emergency,02-01-2024,02-01-2024 15:45,02-01-2024 15:46,02-01-2024 15:51,02-01-2024 16:00,02-01-2024 17:08,02-01-2024 17:29,02-01-2024 17:29,02-01-2024 18:50,Non-urgent,Injury,None,TRUE,DR3,B-15,0.49,6,14,0.46,46:51.1,52:33.2,Pediatrics,55:36.1,08:46.1,1,0,Walk-in,2024,Jan,2,Tue,FALSE,1,1.85,5.703447567,-0.753447567,3.802155733,4.4811776,68.68333333,20.4,0,81.08333333,183.4,185.25,15,1,1,Medium,"(5.0, 7.0]","(12.0, 15.0]","(0.4, 0.5]"
P100281,Adult (36-60),Radiology,Follow-up,Medicaid,Emergency,20-02-2024,20-02-2024 16:00,20-02-2024 15:26,20-02-2024 15:28,20-02-2024 15:34,20-02-2024 17:30,20-02-2024 17:48,20-02-2024 19:43,20-02-2024 20:35,Non-urgent,Injury,MRI,TRUE,DR6,D-4,0.36,5,14,0.11,26:46.9,32:50.1,Radiology,30:03.2,30:56.1,1,0,Walk-in,2024,Feb,20,Tue,FALSE,1,-33.23333333,6.068105783,-4.018105783,1.23631725,4.71368275,116.1666667,18,114.6,52.01666667,308.7833333,275.55,15,1,2,Low,"(3.0, 5.0]","(12.0, 15.0]","(0.099, 0.2]"
P100282,Adult (36-60),Neurology,Urgent Care,Private,Scheduled,04-02-2024,04-02-2024 08:45,04-02-2024 08:20,04-02-2024 08:23,04-02-2024 08:24,04-02-2024 09:10,04-02-2024 09:26,04-02-2024 09:26,04-02-2024 09:28,Non-urgent,Follow-up procedure,None,FALSE,DR46,B-13,0.75,8,14,0.36,20:49.5,,Neurology,22:04.6,10:01.3,0,1,Online,2024,Feb,4,Sun,TRUE,1,-24.18333333,,,-1.47282145,2.606154783,45.33333333,16.35,0,2.4,67.95,41.03333333,8,6,2,High,"(7.0, 8.0]","(12.0, 15.0]","(0.3, 0.4]"
P100283,Pediatric (0-17),Radiology,Specialist Referral,Self-pay,Scheduled,21-02-2024,21-02-2024 10:45,21-02-2024 10:49,21-02-2024 10:51,21-02-2024 10:57,21-02-2024 11:52,21-02-2024 12:16,21-02-2024 12:48,21-02-2024 12:59,Non-urgent,Follow-up procedure,Comprehensive labs,FALSE,DR47,B-7,0.47,5,12,0.17,49:13.3,,Radiology,53:15.3,52:23.5,0,1,Online,2024,Feb,21,Wed,FALSE,1,4.216666667,,,1.571740767,4.611592567,54.51666667,24.58333333,31.7,10.91666667,130.3666667,132.1166667,10,2,2,Medium,"(3.0, 5.0]","(9.0, 12.0]","(0.099, 0.2]"
P100284,Senior (61+),Neurology,Urgent Care,None,Scheduled,19-02-2024,19-02-2024 12:00,19-02-2024 11:43,19-02-2024 11:46,19-02-2024 11:52,19-02-2024 12:44,19-02-2024 12:56,19-02-2024 14:21,19-02-2024 14:34,Semi-urgent,Vaccination,Comprehensive labs,FALSE,DR25,A-8,0.74,6,5,0.47,43:47.0,,Neurology,47:23.2,44:37.7,0,1,Online,2024,Feb,19,Mon,FALSE,1,-16.21666667,,,1.019393,5.463940333,51.76666667,12.28333333,84.7,13.36666667,171.1833333,152.3833333,11,0,2,High,"(5.0, 7.0]","(2.999, 6.0]","(0.4, 0.5]"
P100285,Pediatric (0-17),Orthopedics,Follow-up,Medicare,Walk-in,25-03-2024,25-03-2024 13:15,25-03-2024 13:22,25-03-2024 13:26,25-03-2024 13:32,25-03-2024 13:39,25-03-2024 14:06,25-03-2024 15:11,25-03-2024 15:32,Urgent,Diagnostic testing,Comprehensive labs,FALSE,DR40,C-2,0.5,8,7,0.25,22:40.9,31:01.9,Orthopedics,29:34.0,39:36.4,1,0,Walk-in,2024,Mar,25,Mon,FALSE,1,7.666666667,8.3652245,-4.531891167,3.066023817,2.467309517,7.566666667,27.23333333,65.06666667,20.23333333,129.4666667,137.1333333,13,0,3,Medium,"(7.0, 8.0]","(6.0, 9.0]","(0.2, 0.3]"
P100286,Pediatric (0-17),Oncology,Urgent Care,Self-pay,Scheduled,13-02-2024,13-02-2024 16:30,13-02-2024 16:02,13-02-2024 16:06,13-02-2024 16:13,13-02-2024 16:25,13-02-2024 16:45,13-02-2024 17:07,13-02-2024 18:56,Emergency,Chronic condition,Basic labs,TRUE,DR21,D-13,0.74,3,8,0.11,02:58.8,,Oncology,10:44.1,25:59.7,0,1,Online,2024,Feb,13,Tue,FALSE,1,-27.03333333,,,4.534498367,3.198834967,12.05,19.88333333,21.31666667,109.3166667,173.5333333,143.2666667,16,1,2,High,"(1.999, 3.0]","(6.0, 9.0]","(0.099, 0.2]"
P100287,Adult (36-60),Radiology,Follow-up,Medicare,Scheduled,12-03-2024,12-03-2024 12:15,12-03-2024 12:05,12-03-2024 12:09,12-03-2024 12:11,12-03-2024 12:43,12-03-2024 12:51,12-03-2024 12:51,12-03-2024 13:03,Urgent,Consultation,None,FALSE,DR40,A-4,0.41,6,15,0.18,05:41.4,,Radiology,08:32.6,43:03.8,0,1,Online,2024,Mar,12,Tue,FALSE,1,-9.316666667,,,-0.789398617,3.22273195,31.28333333,8.65,0,11.96666667,57.98333333,45.01666667,12,1,3,Low,"(5.0, 7.0]","(12.0, 15.0]","(0.099, 0.2]"
P100288,Adult (36-60),Pediatrics,New Patient,Medicare,Emergency,09-03-2024,09-03-2024 08:45,09-03-2024 08:42,09-03-2024 08:47,09-03-2024 08:48,09-03-2024 08:57,09-03-2024 09:28,09-03-2024 11:31,09-03-2024 13:01,Emergency,Prescription renewal,Biopsy,TRUE,DR22,C-12,0.65,8,12,0.49,42:24.8,48:05.5,Pediatrics,43:38.6,57:37.7,1,0,Walk-in,2024,Mar,9,Sat,TRUE,1,-2.6,5.69163865,-0.79163865,-3.656680683,4.656680683,9.316666667,31.3,122.6333333,90.16666667,259.3166667,256.7166667,8,5,3,High,"(7.0, 8.0]","(9.0, 12.0]","(0.4, 0.5]"
P100289,Pediatric (0-17),Obstetrics,Follow-up,Private,Scheduled,26-03-2024,26-03-2024 16:30,26-03-2024 16:32,26-03-2024 16:36,26-03-2024 16:43,26-03-2024 17:38,26-03-2024 17:43,26-03-2024 19:05,26-03-2024 20:57,Semi-urgent,Routine checkup,MRI,TRUE,DR10,D-12,0.41,4,8,0.4,32:23.4,,Obstetrics,37:42.5,38:00.5,0,1,Online,2024,Mar,26,Tue,FALSE,1,2.383333333,,,0.757697283,5.458969383,54.83333333,5,82.85,111.5666667,265.0333333,262.85,16,1,3,Low,"(3.0, 5.0]","(6.0, 9.0]","(0.3, 0.4]"
P100290,Adult (36-60),General Surgery,New Patient,Medicaid,Emergency,28-01-2024,28-01-2024 15:00,28-01-2024 14:13,28-01-2024 14:15,28-01-2024 14:19,28-01-2024 14:50,28-01-2024 15:06,28-01-2024 15:06,28-01-2024 16:24,Semi-urgent,Consultation,None,TRUE,DR22,A-2,0.46,6,8,0.48,13:55.4,18:57.8,General Surgery,13:47.9,50:45.2,1,0,Walk-in,2024,Jan,28,Sun,TRUE,1,-46.08333333,5.047469417,-3.014136083,-2.151100067,5.467766733,31.48333333,15.51666667,0,77.78333333,130.1333333,84.05,14,6,1,Low,"(5.0, 7.0]","(6.0, 9.0]","(0.4, 0.5]"
P100291,Young Adult (18-35),General Surgery,Urgent Care,Medicare,Scheduled,04-03-2024,04-03-2024 10:15,04-03-2024 10:09,04-03-2024 10:12,04-03-2024 10:20,04-03-2024 10:37,04-03-2024 11:07,04-03-2024 11:23,04-03-2024 12:23,Urgent,Routine checkup,Basic labs,TRUE,DR11,A-12,0.72,6,8,0.24,09:02.8,,General Surgery,15:03.3,37:28.2,0,1,Online,2024,Mar,4,Mon,FALSE,1,-5.966666667,,,2.87116985,5.845496817,16.56666667,29.66666667,15.93333333,60.41666667,134.45,125.3333333,10,0,3,High,"(5.0, 7.0]","(6.0, 9.0]","(0.2, 0.3]"
P100292,Senior (61+),Radiology,Follow-up,Self-pay,Scheduled,07-01-2024,07-01-2024 10:30,07-01-2024 10:48,07-01-2024 10:50,07-01-2024 10:55,07-01-2024 12:12,07-01-2024 12:30,07-01-2024 12:30,07-01-2024 12:38,Non-urgent,Diagnostic testing,None,FALSE,DR4,C-10,0.78,7,12,0.36,48:19.6,,Radiology,49:36.4,12:08.4,0,1,Online,2024,Jan,7,Sun,TRUE,1,18.31666667,,,-0.792548183,5.442548183,77.08333333,18.16666667,0,8.216666667,110.2,126.4333333,10,6,1,High,"(5.0, 7.0]","(9.0, 12.0]","(0.3, 0.4]"
P100293,Young Adult (18-35),Neurology,Urgent Care,Medicare,Scheduled,18-01-2024,18-01-2024 08:00,18-01-2024 07:45,18-01-2024 07:46,18-01-2024 07:54,18-01-2024 08:28,18-01-2024 08:58,18-01-2024 09:44,18-01-2024 09:59,Semi-urgent,Chronic condition,Comprehensive labs,FALSE,DR24,D-8,0.69,6,6,0.31,45:03.4,,Neurology,50:21.3,28:27.2,0,1,Online,2024,Jan,18,Thu,FALSE,1,-14.95,,,3.855376,3.827957333,34.26666667,29.88333333,46.16666667,15.2,134.65,118.25,7,3,1,High,"(5.0, 7.0]","(2.999, 6.0]","(0.3, 0.4]"
P100294,Adult (36-60),Internal Medicine,Follow-up,Self-pay,Scheduled,27-01-2024,27-01-2024 14:45,27-01-2024 14:09,27-01-2024 14:12,27-01-2024 14:24,27-01-2024 14:37,27-01-2024 14:45,27-01-2024 15:48,27-01-2024 15:57,Non-urgent,Vaccination,Comprehensive labs,FALSE,DR37,B-7,0.5,4,11,0.46,09:20.7,,Internal Medicine,19:51.1,37:37.5,0,1,Online,2024,Jan,27,Sat,TRUE,1,-35.66666667,,,7.05152395,4.615142717,13.15,7.5,63.66666667,8.683333333,108.1333333,69,14,5,1,Medium,"(3.0, 5.0]","(9.0, 12.0]","(0.4, 0.5]"
P100295,Young Adult (18-35),Pediatrics,Urgent Care,Private,Scheduled,01-01-2024,01-01-2024 13:15,01-01-2024 13:18,01-01-2024 13:22,01-01-2024 13:25,01-01-2024 13:56,01-01-2024 14:01,01-01-2024 14:30,01-01-2024 14:49,Non-urgent,Diagnostic testing,Basic labs,FALSE,DR20,D-5,0.34,6,5,0.22,18:57.3,,Pediatrics,21:17.2,56:13.4,0,1,Online,2024,Jan,1,Mon,FALSE,1,3.95,,,-1.195890617,4.512557283,30.41666667,5.433333333,28.4,19.33333333,90.43333333,90.85,13,0,1,Low,"(5.0, 7.0]","(2.999, 6.0]","(0.2, 0.3]"
P100296,Pediatric (0-17),Orthopedics,Follow-up,Self-pay,Scheduled,23-01-2024,23-01-2024 13:15,23-01-2024 12:31,23-01-2024 12:32,23-01-2024 12:40,23-01-2024 14:31,23-01-2024 14:44,23-01-2024 14:44,23-01-2024 14:48,Non-urgent,Chronic condition,None,FALSE,DR14,D-14,0.57,4,3,0.33,31:38.8,,Orthopedics,37:11.9,31:51.4,0,1,Online,2024,Jan,23,Tue,FALSE,1,-43.36666667,,,4.565401867,3.4512648,111.2,13.05,0,3.566666667,136.8333333,92.46666667,12,1,1,Medium,"(3.0, 5.0]","(2.999, 6.0]","(0.3, 0.4]"
P100297,Pediatric (0-17),Obstetrics,Specialist Referral,Private,Walk-in,10-02-2024,10-02-2024 08:00,10-02-2024 07:40,10-02-2024 07:44,10-02-2024 07:56,10-02-2024 08:09,10-02-2024 08:26,10-02-2024 09:33,10-02-2024 09:40,Urgent,Post-operative,Ultrasound,FALSE,DR8,A-5,0.91,5,11,0.21,40:16.6,50:05.9,Obstetrics,53:28.6,09:32.5,1,0,Walk-in,2024,Feb,10,Sat,TRUE,1,-19.73333333,9.83155455,-6.014887883,9.393783717,3.489549617,12.56666667,17.25,66.65,7.333333333,120.5,100.7666667,7,5,2,Very High,"(3.0, 5.0]","(9.0, 12.0]","(0.2, 0.3]"
P100298,Senior (61+),Neurology,Urgent Care,Medicare,Scheduled,11-03-2024,11-03-2024 09:30,11-03-2024 09:01,11-03-2024 09:03,11-03-2024 09:09,11-03-2024 11:55,11-03-2024 12:13,11-03-2024 12:43,11-03-2024 12:47,Non-urgent,Routine checkup,Basic labs,FALSE,DR7,D-7,0.88,8,8,0.25,01:07.9,,Neurology,04:36.0,55:07.6,0,1,Online,2024,Mar,11,Mon,FALSE,1,-28.88333333,,,1.3503443,5.1996557,165.3166667,18.16666667,29.88333333,4.516666667,226.5666667,195.55,9,0,3,Very High,"(7.0, 8.0]","(6.0, 9.0]","(0.2, 0.3]"
P100299,Young Adult (18-35),Internal Medicine,Specialist Referral,None,Scheduled,03-01-2024,03-01-2024 16:00,03-01-2024 15:44,03-01-2024 15:48,03-01-2024 15:53,03-01-2024 17:14,03-01-2024 17:39,03-01-2024 18:21,03-01-2024 19:39,Semi-urgent,Injury,Comprehensive labs,TRUE,DR32,B-12,0.38,5,7,0.46,44:01.3,,Internal Medicine,49:47.8,14:48.8,0,1,Online,2024,Jan,3,Wed,FALSE,1,-15.98333333,,,1.4971302,3.569536467,81.43333333,25.11666667,41.15,78.76666667,235.8166667,215.55,15,2,1,Low,"(3.0, 5.0]","(6.0, 9.0]","(0.4, 0.5]"
P100300,Pediatric (0-17),Cardiology,Specialist Referral,Private,Walk-in,09-01-2024,09-01-2024 10:45,09-01-2024 10:39,09-01-2024 10:42,09-01-2024 10:51,09-01-2024 10:59,09-01-2024 11:11,09-01-2024 12:25,09-01-2024 12:28,Emergency,Chronic condition,CT scan,FALSE,DR21,B-5,0.81,3,10,0.37,39:52.3,49:18.2,Cardiology,46:58.4,59:05.1,1,0,Walk-in,2024,Jan,9,Tue,FALSE,1,-5.133333333,9.437169033,-6.720502367,4.390841333,4.809158667,7.3,12.56666667,74.31666667,2.683333333,108.7833333,103.65,10,1,1,Very High,"(1.999, 3.0]","(9.0, 12.0]","(0.3, 0.4]"
P100301,Adult (36-60),Orthopedics,Follow-up,Medicare,Scheduled,21-02-2024,21-02-2024 10:15,21-02-2024 10:15,21-02-2024 10:19,21-02-2024 10:30,21-02-2024 10:53,21-02-2024 11:21,21-02-2024 12:05,21-02-2024 12:52,Urgent,Chronic condition,Comprehensive labs,TRUE,DR6,A-15,0.39,6,15,0.11,15:32.8,,Orthopedics,27:38.5,53:27.7,0,1,Online,2024,Feb,21,Wed,FALSE,1,0.533333333,,,8.0576205,2.4423795,23.36666667,28.3,43.98333333,47.08333333,157.2833333,153.7666667,10,2,2,Low,"(5.0, 7.0]","(12.0, 15.0]","(0.099, 0.2]"
P100302,Senior (61+),Radiology,Follow-up,Self-pay,Scheduled,13-02-2024,13-02-2024 08:45,13-02-2024 08:45,13-02-2024 08:46,13-02-2024 08:49,13-02-2024 09:23,13-02-2024 09:54,13-02-2024 09:54,13-02-2024 11:44,Non-urgent,Follow-up procedure,None,TRUE,DR35,C-7,0.32,2,6,0.29,45:17.3,,Radiology,46:27.1,23:47.1,0,1,Online,2024,Feb,13,Tue,FALSE,1,0.283333333,,,0.035008617,2.73165805,34.6,31.13333333,0,109.55,179.1833333,178.3333333,8,1,2,Low,"(1.999, 3.0]","(2.999, 6.0]","(0.2, 0.3]"
P100303,Senior (61+),Obstetrics,New Patient,None,Walk-in,02-01-2024,02-01-2024 16:45,02-01-2024 16:49,02-01-2024 16:53,02-01-2024 17:02,02-01-2024 18:24,02-01-2024 18:48,02-01-2024 19:12,02-01-2024 20:27,Non-urgent,Post-operative,Basic labs,TRUE,DR19,C-6,0.37,4,12,0.47,49:04.9,58:04.6,Obstetrics,57:08.4,24:28.3,1,0,Walk-in,2024,Jan,2,Tue,FALSE,1,4.066666667,9.010761717,-4.277428383,3.339387583,4.977279083,82.35,24.2,23.88333333,75.1,218.5833333,222.65,16,1,1,Low,"(3.0, 5.0]","(9.0, 12.0]","(0.4, 0.5]"
P100304,Senior (61+),Pediatrics,Specialist Referral,Medicare,Walk-in,20-01-2024,20-01-2024 11:30,20-01-2024 11:39,20-01-2024 11:41,20-01-2024 11:49,20-01-2024 12:56,20-01-2024 13:01,20-01-2024 13:46,20-01-2024 14:00,Non-urgent,Prescription renewal,Basic labs,FALSE,DR26,D-11,0.69,8,9,0.22,39:49.3,45:44.0,Pediatrics,43:44.9,56:31.1,1,0,Walk-in,2024,Jan,20,Sat,TRUE,1,9.816666667,5.91735145,-4.084018117,2.098878733,5.651121267,67.11666667,5,44.5,14.83333333,141.0333333,150.85,11,5,1,High,"(7.0, 8.0]","(6.0, 9.0]","(0.2, 0.3]"
P100305,Senior (61+),Pediatrics,New Patient,Medicare,Scheduled,25-02-2024,25-02-2024 12:45,25-02-2024 12:25,25-02-2024 12:29,25-02-2024 12:36,25-02-2024 13:41,25-02-2024 13:52,25-02-2024 13:52,25-02-2024 14:31,Semi-urgent,Vaccination,None,TRUE,DR6,B-4,0.73,5,10,0.22,25:45.6,,Pediatrics,33:46.5,41:00.9,0,1,Online,2024,Feb,25,Sun,TRUE,1,-19.25,,,4.558343067,2.941656933,64.28333333,11.36666667,0,39.36666667,125.9833333,103.2666667,12,6,2,High,"(3.0, 5.0]","(9.0, 12.0]","(0.2, 0.3]"
P100306,Pediatric (0-17),Internal Medicine,Follow-up,None,Scheduled,10-02-2024,10-02-2024 15:30,10-02-2024 15:25,10-02-2024 15:26,10-02-2024 15:38,10-02-2024 16:13,10-02-2024 16:34,10-02-2024 17:33,10-02-2024 19:45,Urgent,Acute illness,Comprehensive labs,TRUE,DR41,B-14,0.65,8,7,0.17,25:07.1,,Internal Medicine,34:16.0,13:45.9,0,1,Online,2024,Feb,10,Sat,TRUE,1,-4.883333333,,,7.6325958,3.984070867,35.5,20.5,58.95,131.8333333,259.9166667,253.5166667,15,5,2,High,"(7.0, 8.0]","(6.0, 9.0]","(0.099, 0.2]"
P100307,Adult (36-60),Cardiology,Specialist Referral,Private,Emergency,07-02-2024,07-02-2024 12:15,07-02-2024 11:52,07-02-2024 11:55,07-02-2024 11:59,07-02-2024 12:53,07-02-2024 13:20,07-02-2024 13:20,07-02-2024 13:33,Semi-urgent,Injury,None,FALSE,DR30,B-3,0.32,2,7,0.39,52:29.0,01:29.6,Cardiology,56:53.6,53:10.5,1,0,Walk-in,2024,Feb,7,Wed,FALSE,1,-22.51666667,9.010675333,-5.677342,1.077197767,2.2394689,54.03333333,27.66666667,0,12.8,101.15,78.63333333,11,2,2,Low,"(1.999, 3.0]","(6.0, 9.0]","(0.3, 0.4]"
P100308,Adult (36-60),Pediatrics,Urgent Care,Private,Scheduled,21-03-2024,21-03-2024 14:15,21-03-2024 14:10,21-03-2024 14:15,21-03-2024 14:22,21-03-2024 14:44,21-03-2024 14:58,21-03-2024 14:58,21-03-2024 15:05,Non-urgent,Chronic condition,None,FALSE,DR17,B-14,0.33,5,11,0.41,10:36.1,,Pediatrics,19:26.1,44:18.8,0,1,Online,2024,Mar,21,Thu,FALSE,1,-4.4,,,4.085629383,3.414370617,21.45,14.23333333,0,6.866666667,54.8,45.65,14,3,3,Low,"(3.0, 5.0]","(9.0, 12.0]","(0.4, 0.5]"
P100309,Adult (36-60),Oncology,Follow-up,Self-pay,Scheduled,22-03-2024,22-03-2024 16:45,22-03-2024 16:21,22-03-2024 16:25,22-03-2024 16:36,22-03-2024 17:10,22-03-2024 17:57,22-03-2024 18:32,22-03-2024 18:46,Semi-urgent,Prescription renewal,Basic labs,FALSE,DR9,A-6,0.44,7,15,0.43,21:34.2,,Oncology,32:45.7,10:04.3,0,1,Online,2024,Mar,22,Fri,FALSE,1,-23.43333333,,,7.028495367,3.921504633,33.38333333,47.08333333,35.08333333,14.05,144.7166667,117.1166667,16,4,3,Low,"(5.0, 7.0]","(12.0, 15.0]","(0.4, 0.5]"
P100310,Young Adult (18-35),Obstetrics,Urgent Care,Private,Scheduled,25-03-2024,25-03-2024 08:00,25-03-2024 07:50,25-03-2024 07:53,25-03-2024 08:02,25-03-2024 08:47,25-03-2024 09:07,25-03-2024 09:07,25-03-2024 09:17,Urgent,Routine checkup,None,FALSE,DR35,B-4,0.9,7,8,0.4,50:29.0,,Obstetrics,57:22.9,47:35.8,0,1,Online,2024,Mar,25,Mon,FALSE,1,-9.516666667,,,3.681196417,5.43547025,44.76666667,20.08333333,0,9.466666667,86.65,73.91666667,7,0,3,Very High,"(5.0, 7.0]","(6.0, 9.0]","(0.3, 0.4]"
P100311,Pediatric (0-17),Emergency,Specialist Referral,Medicaid,Scheduled,18-01-2024,18-01-2024 09:45,18-01-2024 09:23,18-01-2024 09:26,18-01-2024 09:30,18-01-2024 11:40,18-01-2024 12:12,18-01-2024 12:34,18-01-2024 12:45,Non-urgent,Vaccination,Basic labs,FALSE,DR45,C-5,0.72,3,14,0.23,23:24.3,,Emergency,26:13.0,40:33.1,0,1,Online,2024,Jan,18,Thu,FALSE,1,-21.6,,,-0.117058267,4.033724933,130.3,32.2,22.18333333,10.1,201.6333333,177.1,9,3,1,High,"(1.999, 3.0]","(12.0, 15.0]","(0.2, 0.3]"
P100312,Adult (36-60),Internal Medicine,New Patient,Medicaid,Scheduled,07-03-2024,07-03-2024 08:30,07-03-2024 08:14,07-03-2024 08:19,07-03-2024 08:20,07-03-2024 08:28,07-03-2024 08:44,07-03-2024 08:44,07-03-2024 09:25,Urgent,Chronic condition,None,TRUE,DR46,D-15,0.64,7,13,0.15,14:32.7,,Internal Medicine,15:54.3,28:36.1,0,1,Online,2024,Mar,7,Thu,FALSE,1,-15.46666667,,,-3.395509817,4.395509817,8.3,16.36666667,0,40.38333333,70.81666667,50.58333333,8,3,3,High,"(5.0, 7.0]","(12.0, 15.0]","(0.099, 0.2]"
P100313,Adult (36-60),Internal Medicine,Specialist Referral,None,Scheduled,10-03-2024,10-03-2024 10:30,10-03-2024 10:19,10-03-2024 10:22,10-03-2024 10:25,10-03-2024 12:32,10-03-2024 12:39,10-03-2024 12:39,10-03-2024 14:48,Non-urgent,Injury,None,TRUE,DR28,D-13,0.89,3,4,0.43,19:39.3,,Internal Medicine,20:54.9,32:46.2,0,1,Online,2024,Mar,10,Sun,TRUE,1,-10.35,,,-1.517772583,4.68443925,127.1666667,7.15,0,128.1333333,268.4,255.2666667,10,6,3,Very High,"(1.999, 3.0]","(2.999, 6.0]","(0.4, 0.5]"
P100314,Senior (61+),General Surgery,Follow-up,Medicaid,Emergency,22-01-2024,22-01-2024 09:00,22-01-2024 09:01,22-01-2024 09:05,22-01-2024 09:10,22-01-2024 09:53,22-01-2024 10:01,22-01-2024 11:48,22-01-2024 12:06,Urgent,Consultation,Stress test,FALSE,DR9,C-12,0.53,8,14,0.43,01:50.3,08:40.2,General Surgery,05:40.5,53:27.3,1,0,Walk-in,2024,Jan,22,Mon,FALSE,1,1.833333333,6.836104933,-2.9527716,-0.041341167,5.308007833,42.46666667,8.383333333,106.7,17.9,184.6,186.4333333,9,0,1,Medium,"(7.0, 8.0]","(12.0, 15.0]","(0.4, 0.5]"
P100315,Adult (36-60),Pediatrics,Specialist Referral,Medicare,Scheduled,16-02-2024,16-02-2024 09:15,16-02-2024 09:01,16-02-2024 09:03,16-02-2024 09:05,16-02-2024 09:37,16-02-2024 09:42,16-02-2024 11:42,16-02-2024 12:47,Semi-urgent,Consultation,CT scan,TRUE,DR35,D-2,0.73,5,13,0.38,01:01.0,,Pediatrics,02:43.7,37:03.8,0,1,Online,2024,Feb,16,Fri,FALSE,1,-14,,,-0.789094817,2.689094817,31.63333333,5.75,119.2833333,65.61666667,226.7,210.1833333,9,4,2,High,"(3.0, 5.0]","(12.0, 15.0]","(0.3, 0.4]"
P100316,Adult (36-60),Emergency,Urgent Care,Medicare,Scheduled,15-02-2024,15-02-2024 13:45,15-02-2024 13:30,15-02-2024 13:34,15-02-2024 13:46,15-02-2024 14:24,15-02-2024 14:31,15-02-2024 14:31,15-02-2024 14:35,Semi-urgent,Injury,None,FALSE,DR23,B-3,0.36,8,6,0.36,30:29.2,,Emergency,42:24.8,24:23.2,0,1,Online,2024,Feb,15,Thu,FALSE,1,-14.51666667,,,8.412653217,3.770680117,38.2,6.983333333,0,4.333333333,65.21666667,47.18333333,13,3,2,Low,"(7.0, 8.0]","(2.999, 6.0]","(0.3, 0.4]"
P100317,Adult (36-60),Obstetrics,Urgent Care,Medicaid,Scheduled,07-03-2024,07-03-2024 15:30,07-03-2024 15:13,07-03-2024 15:17,07-03-2024 15:24,07-03-2024 15:30,07-03-2024 15:50,07-03-2024 16:09,07-03-2024 17:41,Emergency,Follow-up procedure,ECG,TRUE,DR42,B-7,0.63,2,5,0.22,13:10.5,,Obstetrics,22:01.4,30:02.3,0,1,Online,2024,Mar,7,Thu,FALSE,1,-16.83333333,,,4.77315995,2.67684005,5.333333333,20.73333333,18.86666667,91.81666667,148.2833333,127.3666667,15,3,3,Medium,"(1.999, 3.0]","(2.999, 6.0]","(0.2, 0.3]"
P100318,Pediatric (0-17),General Surgery,Urgent Care,Medicaid,Scheduled,07-02-2024,07-02-2024 10:00,07-02-2024 09:46,07-02-2024 09:49,07-02-2024 09:58,07-02-2024 12:00,07-02-2024 12:14,07-02-2024 12:57,07-02-2024 13:57,Non-urgent,Follow-up procedure,Comprehensive labs,TRUE,DR19,A-11,0.43,4,10,0.46,46:59.2,,General Surgery,53:19.7,00:31.0,0,1,Online,2024,Feb,7,Wed,FALSE,1,-13.01666667,,,3.962268767,5.471064567,121.7166667,14.05,43.18333333,60.11666667,250.8833333,235.4833333,9,2,2,Low,"(3.0, 5.0]","(9.0, 12.0]","(0.4, 0.5]"
P100319,Senior (61+),Internal Medicine,Follow-up,Medicare,Emergency,05-01-2024,05-01-2024 08:15,05-01-2024 07:44,05-01-2024 07:48,05-01-2024 07:56,05-01-2024 10:38,05-01-2024 10:53,05-01-2024 10:53,05-01-2024 11:07,Non-urgent,Acute illness,None,FALSE,DR32,D-2,0.33,8,3,0.13,44:19.4,51:10.2,Internal Medicine,53:29.6,38:00.4,1,0,Walk-in,2024,Jan,5,Fri,FALSE,1,-30.68333333,6.853353117,-2.48668645,4.810177317,3.073156017,161.4333333,15.88333333,0,13.88333333,203.45,172.7666667,7,4,1,Low,"(7.0, 8.0]","(2.999, 6.0]","(0.099, 0.2]"
P100320,Adult (36-60),Oncology,Follow-up,Medicaid,Walk-in,26-03-2024,26-03-2024 11:45,26-03-2024 11:25,26-03-2024 11:29,26-03-2024 11:35,26-03-2024 11:50,26-03-2024 12:12,26-03-2024 12:51,26-03-2024 13:13,Non-urgent,Follow-up procedure,Basic labs,TRUE,DR5,D-15,0.7,4,7,0.45,25:06.0,30:53.6,Oncology,32:29.5,50:52.0,1,0,Walk-in,2024,Mar,26,Tue,FALSE,1,-19.9,5.792564867,-0.942564867,2.541611283,2.99172205,15.38333333,21.38333333,39.18333333,22.48333333,108.8166667,88.91666667,11,1,3,High,"(3.0, 5.0]","(6.0, 9.0]","(0.4, 0.5]"
P100321,Senior (61+),Neurology,New Patient,Medicare,Scheduled,07-02-2024,07-02-2024 16:15,07-02-2024 15:51,07-02-2024 15:55,07-02-2024 16:00,07-02-2024 17:22,07-02-2024 17:47,07-02-2024 18:21,07-02-2024 18:33,Urgent,Chronic condition,Basic labs,FALSE,DR44,C-4,0.5,7,9,0.27,51:06.7,,Neurology,56:50.5,22:03.9,0,1,Online,2024,Feb,7,Wed,FALSE,1,-23.9,,,1.574428367,3.925571633,81.28333333,25.15,34.58333333,11.28333333,161.9666667,133.9,15,2,2,Medium,"(5.0, 7.0]","(6.0, 9.0]","(0.2, 0.3]"
P100322,Pediatric (0-17),Pediatrics,Specialist Referral,Medicare,Scheduled,21-02-2024,21-02-2024 15:30,21-02-2024 15:30,21-02-2024 15:31,21-02-2024 15:43,21-02-2024 16:13,21-02-2024 16:28,21-02-2024 17:02,21-02-2024 18:55,Non-urgent,Consultation,Basic labs,TRUE,DR12,D-4,0.57,4,14,0.5,30:06.4,,Pediatrics,38:09.8,13:51.9,0,1,Online,2024,Feb,21,Wed,FALSE,1,0.1,,,6.879564917,4.83710175,30.85,14.88333333,33.28333333,113.8833333,205.8,204.7166667,15,2,2,Medium,"(3.0, 5.0]","(12.0, 15.0]","(0.4, 0.5]"
P100323,Pediatric (0-17),Neurology,Urgent Care,Medicaid,Scheduled,28-03-2024,28-03-2024 13:30,28-03-2024 13:10,28-03-2024 13:12,28-03-2024 13:21,28-03-2024 14:26,28-03-2024 14:37,28-03-2024 14:37,28-03-2024 14:49,Non-urgent,Diagnostic testing,None,FALSE,DR10,C-12,0.34,5,14,0.24,10:15.6,,Neurology,18:16.9,26:09.5,0,1,Online,2024,Mar,28,Thu,FALSE,1,-19.75,,,6.031038583,2.735628083,65.13333333,11.56666667,0,11.58333333,99.05,77.3,13,3,3,Low,"(3.0, 5.0]","(12.0, 15.0]","(0.2, 0.3]"
P100324,Young Adult (18-35),General Surgery,Specialist Referral,Private,Scheduled,01-01-2024,01-01-2024 10:45,01-01-2024 10:03,01-01-2024 10:06,01-01-2024 10:13,01-01-2024 10:20,01-01-2024 10:29,01-01-2024 10:29,01-01-2024 11:49,Urgent,Prescription renewal,None,TRUE,DR13,C-8,0.69,2,13,0.42,03:59.4,,General Surgery,08:37.3,20:27.3,0,1,Online,2024,Jan,1,Mon,FALSE,1,-41.01666667,,,1.989048317,5.360951683,6.466666667,8.85,0,80.38333333,105.7,62.03333333,10,0,1,High,"(1.999, 3.0]","(12.0, 15.0]","(0.4, 0.5]"
P100325,Pediatric (0-17),Orthopedics,Specialist Referral,None,Scheduled,23-01-2024,23-01-2024 10:15,23-01-2024 10:28,23-01-2024 10:31,23-01-2024 10:37,23-01-2024 11:20,23-01-2024 11:34,23-01-2024 11:58,23-01-2024 12:44,Semi-urgent,Follow-up procedure,Basic labs,TRUE,DR36,A-4,0.6,7,8,0.12,28:02.1,,Orthopedics,32:25.1,20:56.2,0,1,Online,2024,Jan,23,Tue,FALSE,1,13.03333333,,,0.451009767,5.198990233,43.31666667,13.61666667,24.16666667,46.08333333,136.7666667,145.8666667,10,1,1,Medium,"(5.0, 7.0]","(6.0, 9.0]","(0.099, 0.2]"
P100326,Young Adult (18-35),Orthopedics,Follow-up,Private,Scheduled,20-03-2024,20-03-2024 09:15,20-03-2024 08:53,20-03-2024 08:56,20-03-2024 08:59,20-03-2024 09:12,20-03-2024 09:26,20-03-2024 09:46,20-03-2024 10:06,Semi-urgent,Routine checkup,Basic labs,FALSE,DR3,B-10,0.71,3,13,0.38,53:59.1,,Orthopedics,55:03.4,12:24.5,0,1,Online,2024,Mar,20,Wed,FALSE,1,-21.01666667,,,-1.727225233,4.277225233,13.06666667,13.71666667,20.83333333,19.15,72.11666667,48.3,8,2,3,High,"(1.999, 3.0]","(12.0, 15.0]","(0.3, 0.4]"
P100327,Pediatric (0-17),Neurology,Specialist Referral,Medicare,Scheduled,19-01-2024,19-01-2024 15:45,19-01-2024 15:24,19-01-2024 15:27,19-01-2024 15:34,19-01-2024 15:43,19-01-2024 15:57,19-01-2024 15:57,19-01-2024 16:11,Immediate,Vaccination,None,FALSE,DR20,A-8,0.33,3,3,0.49,24:56.3,,Neurology,32:07.1,43:59.2,0,1,Online,2024,Jan,19,Fri,FALSE,1,-20.06666667,,,4.23446035,2.86553965,9,13.08333333,0,14.85,46.98333333,23.96666667,15,4,1,Low,"(1.999, 3.0]","(2.999, 6.0]","(0.4, 0.5]"
P100328,Young Adult (18-35),Pediatrics,New Patient,Medicaid,Scheduled,12-01-2024,12-01-2024 13:00,12-01-2024 12:41,12-01-2024 12:43,12-01-2024 12:47,12-01-2024 14:51,12-01-2024 15:15,12-01-2024 16:19,12-01-2024 16:30,Non-urgent,Acute illness,Ultrasound,FALSE,DR47,A-9,0.57,5,15,0.41,41:32.3,,Pediatrics,45:12.2,51:55.7,0,1,Online,2024,Jan,12,Fri,FALSE,1,-18.46666667,,,2.203440817,2.429892517,124.2833333,23.1,64.9,10.81666667,229.2,209.2666667,12,4,1,Medium,"(3.0, 5.0]","(12.0, 15.0]","(0.4, 0.5]"
P100329,Senior (61+),Pediatrics,Urgent Care,Medicare,Scheduled,19-01-2024,19-01-2024 08:45,19-01-2024 08:32,19-01-2024 08:36,19-01-2024 08:47,19-01-2024 09:02,19-01-2024 09:31,19-01-2024 09:31,19-01-2024 10:17,Non-urgent,Post-operative,None,TRUE,DR21,C-15,0.49,7,15,0.3,32:51.5,,Pediatrics,43:08.4,02:39.4,0,1,Online,2024,Jan,19,Fri,FALSE,1,-12.15,,,6.22329245,4.343374217,15.16666667,28.35,0,46.98333333,105.1333333,88.91666667,8,4,1,Medium,"(5.0, 7.0]","(12.0, 15.0]","(0.2, 0.3]"
P100330,Senior (61+),Oncology,New Patient,Medicare,Scheduled,24-02-2024,24-02-2024 10:00,24-02-2024 09:49,24-02-2024 09:51,24-02-2024 09:55,24-02-2024 11:37,24-02-2024 11:45,24-02-2024 11:45,24-02-2024 13:41,Semi-urgent,Chronic condition,None,TRUE,DR50,C-1,0.56,3,14,0.24,49:49.4,,Oncology,50:40.3,37:29.6,0,1,Online,2024,Feb,24,Sat,TRUE,1,-10.18333333,,,-1.11243785,4.445771183,102.3666667,7.733333333,0,115.9,231.3,219.15,9,5,2,Medium,"(1.999, 3.0]","(12.0, 15.0]","(0.2, 0.3]"
P100331,Pediatric (0-17),Neurology,Specialist Referral,Private,Scheduled,02-02-2024,02-02-2024 14:45,02-02-2024 14:51,02-02-2024 14:54,02-02-2024 15:00,02-02-2024 16:42,02-02-2024 17:01,02-02-2024 17:54,02-02-2024 18:04,Semi-urgent,Follow-up procedure,X-ray,FALSE,DR41,B-12,0.93,7,10,0.48,51:47.7,,Neurology,56:07.9,42:34.0,0,1,Online,2024,Feb,2,Fri,FALSE,1,6.783333333,,,1.9984323,4.634901033,101.8,18.58333333,53.21666667,10.48333333,193.0666667,197.5,14,4,2,Very High,"(5.0, 7.0]","(9.0, 12.0]","(0.4, 0.5]"
P100332,Pediatric (0-17),Emergency,Specialist Referral,Private,Scheduled,19-01-2024,19-01-2024 13:45,19-01-2024 13:39,19-01-2024 13:44,19-01-2024 13:53,19-01-2024 14:57,19-01-2024 15:22,19-01-2024 16:09,19-01-2024 17:56,Semi-urgent,Acute illness,X-ray,TRUE,DR27,A-9,0.49,4,6,0.45,39:12.0,,Emergency,49:16.6,57:01.4,0,1,Online,2024,Jan,19,Fri,FALSE,1,-5.8,,,5.160693183,3.939306817,63.8,25.56666667,46.9,107.4333333,257.7166667,247,13,4,1,Medium,"(3.0, 5.0]","(2.999, 6.0]","(0.4, 0.5]"
P100333,Young Adult (18-35),Internal Medicine,New Patient,Self-pay,Emergency,08-03-2024,08-03-2024 11:45,08-03-2024 10:50,08-03-2024 10:51,08-03-2024 10:58,08-03-2024 11:31,08-03-2024 11:49,08-03-2024 11:49,08-03-2024 11:59,Urgent,Consultation,None,FALSE,DR46,C-15,0.56,3,14,0.37,50:09.5,54:26.7,Internal Medicine,53:49.5,31:18.9,1,0,Walk-in,2024,Mar,8,Fri,FALSE,1,-54.85,4.295667483,-3.195667483,2.574865333,4.275134667,33.2,18.65,0,9.633333333,69.43333333,14.58333333,10,4,3,Medium,"(1.999, 3.0]","(12.0, 15.0]","(0.3, 0.4]"
P100334,Senior (61+),Orthopedics,Specialist Referral,None,Scheduled,09-01-2024,09-01-2024 16:00,09-01-2024 15:45,09-01-2024 15:50,09-01-2024 15:56,09-01-2024 16:04,09-01-2024 16:23,09-01-2024 16:23,09-01-2024 18:05,Urgent,Consultation,None,TRUE,DR32,A-9,0.92,3,9,0.37,45:22.2,,Orthopedics,51:56.6,04:26.0,0,1,Online,2024,Jan,9,Tue,FALSE,1,-14.63333333,,,1.7258956,4.6241044,7.85,18.6,0,102.7666667,140.4166667,120.9333333,15,1,1,Very High,"(1.999, 3.0]","(6.0, 9.0]","(0.3, 0.4]"
P100335,Senior (61+),Obstetrics,Specialist Referral,Self-pay,Scheduled,24-02-2024,24-02-2024 13:15,24-02-2024 12:52,24-02-2024 12:57,24-02-2024 13:01,24-02-2024 13:56,24-02-2024 14:01,24-02-2024 15:48,24-02-2024 16:03,Semi-urgent,Diagnostic testing,Stress test,FALSE,DR47,B-12,0.58,5,9,0.41,52:51.2,,Obstetrics,57:59.2,56:27.7,0,1,Online,2024,Feb,24,Sat,TRUE,1,-22.15,,,0.88604405,3.947289283,54.51666667,5,107.4333333,15.1,191.1333333,164.7333333,12,5,2,Medium,"(3.0, 5.0]","(6.0, 9.0]","(0.4, 0.5]"
P100336,Young Adult (18-35),Neurology,Specialist Referral,Private,Scheduled,09-03-2024,09-03-2024 14:45,09-03-2024 14:18,09-03-2024 14:20,09-03-2024 14:26,09-03-2024 16:16,09-03-2024 16:28,09-03-2024 17:06,09-03-2024 17:38,Non-urgent,Vaccination,Comprehensive labs,TRUE,DR31,B-10,0.76,2,8,0.12,18:38.8,,Neurology,20:35.1,16:41.5,0,1,Online,2024,Mar,9,Sat,TRUE,1,-26.36666667,,,-0.381534483,5.614867817,110.4833333,11.75,37.83333333,32.06666667,199.7,171,14,5,3,High,"(1.999, 3.0]","(6.0, 9.0]","(0.099, 0.2]"
P100337,Senior (61+),Oncology,Specialist Referral,None,Scheduled,05-01-2024,05-01-2024 08:00,05-01-2024 07:50,05-01-2024 07:55,05-01-2024 07:57,05-01-2024 08:47,05-01-2024 08:54,05-01-2024 08:54,05-01-2024 09:42,Semi-urgent,Post-operative,None,TRUE,DR36,C-2,0.48,4,11,0.41,50:30.9,,Oncology,51:36.4,47:07.8,0,1,Online,2024,Jan,5,Fri,FALSE,1,-9.5,,,-3.542696033,5.526029367,49.98333333,7.5,0,47.45,111.5666667,97.41666667,7,4,1,Medium,"(3.0, 5.0]","(9.0, 12.0]","(0.4, 0.5]"
P100338,Pediatric (0-17),Neurology,New Patient,Medicare,Scheduled,15-03-2024,15-03-2024 11:15,15-03-2024 11:11,15-03-2024 11:13,15-03-2024 11:18,15-03-2024 11:53,15-03-2024 12:09,15-03-2024 12:09,15-03-2024 13:47,Non-urgent,Chronic condition,None,TRUE,DR21,A-11,0.92,7,6,0.34,11:37.2,,Neurology,12:42.1,53:23.5,0,1,Online,2024,Mar,15,Fri,FALSE,1,-3.383333333,,,-0.531840883,5.365174217,35.31666667,15.75,0,98.51666667,156.0333333,151.0333333,11,4,3,Very High,"(5.0, 7.0]","(2.999, 6.0]","(0.3, 0.4]"
P100339,Senior (61+),Pediatrics,Urgent Care,None,Scheduled,03-03-2024,03-03-2024 10:30,03-03-2024 10:21,03-03-2024 10:23,03-03-2024 10:30,03-03-2024 10:39,03-03-2024 10:52,03-03-2024 12:18,03-03-2024 12:20,Emergency,Routine checkup,Biopsy,FALSE,DR6,B-15,0.43,7,14,0.35,21:20.6,,Pediatrics,24:26.0,39:24.7,0,1,Online,2024,Mar,3,Sun,TRUE,1,-8.666666667,,,1.36599955,5.68400045,9.283333333,12.7,85.91666667,2,118.6833333,108.2833333,10,6,3,Low,"(5.0, 7.0]","(12.0, 15.0]","(0.3, 0.4]"
P100340,Young Adult (18-35),Oncology,Urgent Care,Medicaid,Scheduled,24-01-2024,24-01-2024 14:45,24-01-2024 14:30,24-01-2024 14:32,24-01-2024 14:39,24-01-2024 16:08,24-01-2024 16:25,24-01-2024 16:56,24-01-2024 18:42,Semi-urgent,Chronic condition,Basic labs,TRUE,DR5,A-12,0.73,6,9,0.48,30:56.6,,Oncology,35:13.2,08:18.2,0,1,Online,2024,Jan,24,Wed,FALSE,1,-14.06666667,,,2.569460867,3.930539133,89.15,17.5,31.11666667,105.5666667,251.55,235.7666667,14,2,1,High,"(5.0, 7.0]","(6.0, 9.0]","(0.4, 0.5]"
P100341,Pediatric (0-17),General Surgery,Urgent Care,Self-pay,Scheduled,07-02-2024,07-02-2024 09:00,07-02-2024 08:48,07-02-2024 08:50,07-02-2024 08:52,07-02-2024 09:35,07-02-2024 09:59,07-02-2024 11:07,07-02-2024 11:19,Urgent,Vaccination,MRI,FALSE,DR47,A-8,0.6,7,15,0.26,48:52.0,,General Surgery,49:45.2,35:10.4,0,1,Online,2024,Feb,7,Wed,FALSE,1,-11.13333333,,,-0.8465648,2.7465648,42.66666667,24.38333333,67.9,11.91666667,150.5,137.6333333,8,2,2,Medium,"(5.0, 7.0]","(12.0, 15.0]","(0.2, 0.3]"
P100342,Adult (36-60),Radiology,New Patient,Self-pay,Walk-in,04-02-2024,04-02-2024 10:45,04-02-2024 10:47,04-02-2024 10:48,04-02-2024 10:49,04-02-2024 11:20,04-02-2024 11:34,04-02-2024 11:34,04-02-2024 11:47,Semi-urgent,Consultation,None,FALSE,DR26,C-4,0.58,4,12,0.24,47:10.5,55:47.3,Radiology,45:01.3,20:03.7,1,0,Walk-in,2024,Feb,4,Sun,TRUE,1,2.166666667,8.621454633,-6.854787967,-3.91210745,4.945440783,30.08333333,14.48333333,0,13,60.36666667,62.53333333,10,6,2,Medium,"(3.0, 5.0]","(9.0, 12.0]","(0.2, 0.3]"
P100343,Adult (36-60),Radiology,Specialist Referral,Medicare,Walk-in,16-03-2024,16-03-2024 14:45,16-03-2024 14:40,16-03-2024 14:43,16-03-2024 14:50,16-03-2024 15:06,16-03-2024 15:29,16-03-2024 16:42,16-03-2024 17:27,Urgent,Chronic condition,Ultrasound,TRUE,DR47,B-4,0.86,7,13,0.3,40:34.0,48:19.8,Radiology,46:37.0,06:36.9,1,0,Walk-in,2024,Mar,16,Sat,TRUE,1,-4.45,7.780184983,-5.230184983,3.516099167,3.467234167,16.51666667,22.98333333,72.85,45.1,166.9833333,162.5333333,14,5,3,Very High,"(5.0, 7.0]","(12.0, 15.0]","(0.2, 0.3]"
P100344,Adult (36-60),Radiology,Specialist Referral,Medicare,Scheduled,10-03-2024,10-03-2024 10:00,10-03-2024 09:28,10-03-2024 09:32,10-03-2024 09:43,10-03-2024 10:16,10-03-2024 10:21,10-03-2024 10:21,10-03-2024 10:35,Semi-urgent,Acute illness,None,FALSE,DR1,A-4,0.77,8,8,0.49,28:05.0,,Radiology,39:34.1,16:41.2,0,1,Online,2024,Mar,10,Sun,TRUE,1,-31.93333333,,,7.051089433,3.548910567,33.56666667,5,0,13.56666667,67.18333333,30.8,9,6,3,High,"(7.0, 8.0]","(6.0, 9.0]","(0.4, 0.5]"
P100345,Young Adult (18-35),General Surgery,Urgent Care,None,Scheduled,27-02-2024,27-02-2024 15:15,27-02-2024 15:36,27-02-2024 15:41,27-02-2024 15:48,27-02-2024 16:17,27-02-2024 16:34,27-02-2024 16:56,27-02-2024 18:40,Semi-urgent,Vaccination,Basic labs,TRUE,DR44,A-4,0.77,3,13,0.29,36:36.0,,General Surgery,43:17.9,17:57.7,0,1,Online,2024,Feb,27,Tue,FALSE,1,21.58333333,,,2.1323423,5.634324367,29.01666667,16.25,21.83333333,104.2333333,183.6833333,200.6833333,15,1,2,High,"(1.999, 3.0]","(12.0, 15.0]","(0.2, 0.3]"
P100346,Adult (36-60),Pediatrics,Specialist Referral,Private,Scheduled,15-02-2024,15-02-2024 10:30,15-02-2024 10:46,15-02-2024 10:49,15-02-2024 11:04,15-02-2024 12:32,15-02-2024 12:47,15-02-2024 12:47,15-02-2024 12:51,Non-urgent,Consultation,None,FALSE,DR29,D-10,0.72,2,14,0.43,46:29.6,,Pediatrics,59:49.4,32:52.3,0,1,Online,2024,Feb,15,Thu,FALSE,1,16.48333333,,,10.80625853,5.0770748,87.96666667,14.98333333,0,3.55,124.9166667,138.8666667,10,3,2,High,"(1.999, 3.0]","(12.0, 15.0]","(0.4, 0.5]"
P100347,Young Adult (18-35),Obstetrics,Urgent Care,None,Scheduled,07-02-2024,07-02-2024 14:30,07-02-2024 14:13,07-02-2024 14:15,07-02-2024 14:30,07-02-2024 14:55,07-02-2024 15:04,07-02-2024 15:04,07-02-2024 15:27,Urgent,Acute illness,None,FALSE,DR27,D-15,0.58,8,6,0.3,13:22.2,,Obstetrics,24:29.4,55:18.7,0,1,Online,2024,Feb,7,Wed,FALSE,1,-16.63333333,,,8.773369633,5.543297033,25.26666667,9.45,0,22.3,73.68333333,54.7,14,2,2,Medium,"(7.0, 8.0]","(2.999, 6.0]","(0.2, 0.3]"
P100348,Senior (61+),Pediatrics,Follow-up,Self-pay,Scheduled,28-02-2024,28-02-2024 15:15,28-02-2024 14:52,28-02-2024 14:55,28-02-2024 15:06,28-02-2024 15:40,28-02-2024 16:05,28-02-2024 16:05,28-02-2024 16:42,Urgent,Vaccination,None,TRUE,DR17,C-12,0.73,4,12,0.29,52:36.8,,Pediatrics,00:31.9,40:16.8,0,1,Online,2024,Feb,28,Wed,FALSE,1,-22.4,,,4.99794535,5.468721317,34.26666667,25.56666667,0,36.8,110.0333333,84.7,14,2,2,High,"(3.0, 5.0]","(9.0, 12.0]","(0.2, 0.3]"
P100349,Adult (36-60),Oncology,New Patient,None,Scheduled,10-03-2024,10-03-2024 10:15,10-03-2024 09:57,10-03-2024 10:01,10-03-2024 10:13,10-03-2024 11:46,10-03-2024 12:02,10-03-2024 12:02,10-03-2024 12:14,Non-urgent,Chronic condition,None,FALSE,DR42,B-15,0.4,4,7,0.32,57:30.1,,Oncology,09:34.2,46:20.3,0,1,Online,2024,Mar,10,Sun,TRUE,1,-17.5,,,7.653066533,3.446933467,93.31666667,16.25,0,11.86666667,136.95,115.0333333,9,6,3,Low,"(3.0, 5.0]","(6.0, 9.0]","(0.3, 0.4]"
P100350,Young Adult (18-35),Pediatrics,Follow-up,Self-pay,Scheduled,27-03-2024,27-03-2024 12:00,27-03-2024 11:58,27-03-2024 12:02,27-03-2024 12:05,27-03-2024 12:43,27-03-2024 13:00,27-03-2024 13:00,27-03-2024 13:02,Non-urgent,Post-operative,None,FALSE,DR46,C-11,0.6,4,5,0.19,58:03.1,,Pediatrics,00:49.7,43:10.9,0,1,Online,2024,Mar,27,Wed,FALSE,1,-1.95,,,-1.454743317,4.971409983,37.36666667,17.75,0,2,64.86666667,58.68333333,11,2,3,Medium,"(3.0, 5.0]","(2.999, 6.0]","(0.099, 0.2]"
P100351,Pediatric (0-17),Cardiology,Urgent Care,None,Scheduled,23-01-2024,23-01-2024 15:45,23-01-2024 15:33,23-01-2024 15:35,23-01-2024 15:37,23-01-2024 18:12,23-01-2024 18:32,23-01-2024 19:12,23-01-2024 21:15,Non-urgent,Routine checkup,Comprehensive labs,TRUE,DR13,A-15,0.67,3,7,0.41,33:45.7,,Cardiology,34:51.2,12:47.0,0,1,Online,2024,Jan,23,Tue,FALSE,1,-11.25,,,-0.513188617,3.129855283,154.8,20,39.46666667,123.3,341.8,328.9333333,15,1,1,High,"(1.999, 3.0]","(6.0, 9.0]","(0.4, 0.5]"
P100352,Pediatric (0-17),Oncology,Follow-up,Self-pay,Scheduled,18-03-2024,18-03-2024 16:15,18-03-2024 15:53,18-03-2024 15:56,18-03-2024 16:03,18-03-2024 16:52,18-03-2024 16:57,18-03-2024 16:57,18-03-2024 18:54,Non-urgent,Routine checkup,None,TRUE,DR35,B-12,0.7,5,4,0.49,53:22.7,,Oncology,00:35.7,52:25.8,0,1,Online,2024,Mar,18,Mon,FALSE,1,-21.63333333,,,4.294290517,3.189042817,48.63333333,5,0,116.6666667,180.7166667,156.15,15,0,3,High,"(3.0, 5.0]","(2.999, 6.0]","(0.4, 0.5]"
P100353,Adult (36-60),Oncology,Urgent Care,Medicaid,Emergency,25-03-2024,25-03-2024 09:30,25-03-2024 09:20,25-03-2024 09:24,25-03-2024 09:32,25-03-2024 10:20,25-03-2024 10:37,25-03-2024 10:37,25-03-2024 10:47,Semi-urgent,Post-operative,None,FALSE,DR38,A-10,0.77,4,5,0.3,20:03.6,29:46.6,Oncology,29:36.7,20:35.2,1,0,Walk-in,2024,Mar,25,Mon,FALSE,1,-9.95,9.727161533,-5.177161533,5.0122082,3.3377918,47.63333333,16.6,0,10.61666667,87.75,77.8,9,0,3,High,"(3.0, 5.0]","(2.999, 6.0]","(0.2, 0.3]"
P100354,Adult (36-60),Radiology,Follow-up,Private,Walk-in,19-02-2024,19-02-2024 09:45,19-02-2024 09:39,19-02-2024 09:43,19-02-2024 09:55,19-02-2024 11:26,19-02-2024 11:44,19-02-2024 12:10,19-02-2024 13:00,Non-urgent,Post-operative,Basic labs,TRUE,DR16,D-8,0.89,3,14,0.47,39:48.9,49:42.1,Radiology,53:33.7,26:48.9,1,0,Walk-in,2024,Feb,19,Mon,FALSE,1,-5.2,9.902006833,-6.535340167,10.39447378,2.422192883,90.81666667,17.23333333,26.21666667,50.41666667,200.8666667,195.6666667,9,0,2,Very High,"(1.999, 3.0]","(12.0, 15.0]","(0.4, 0.5]"
P100355,Adult (36-60),Orthopedics,Specialist Referral,Self-pay,Scheduled,23-02-2024,23-02-2024 09:45,23-02-2024 09:39,23-02-2024 09:44,23-02-2024 09:53,23-02-2024 10:04,23-02-2024 10:18,23-02-2024 10:18,23-02-2024 10:31,Non-urgent,Injury,None,FALSE,DR6,D-3,0.66,7,12,0.16,39:45.8,,Orthopedics,49:26.7,04:37.0,0,1,Online,2024,Feb,23,Fri,FALSE,1,-5.25,,,5.2789257,4.087740967,11.08333333,13.86666667,0,12.63333333,51.36666667,41.7,9,4,2,High,"(5.0, 7.0]","(9.0, 12.0]","(0.099, 0.2]"
P100356,Senior (61+),Oncology,Follow-up,Medicaid,Scheduled,03-01-2024,03-01-2024 14:15,03-01-2024 14:01,03-01-2024 14:03,03-01-2024 14:12,03-01-2024 14:32,03-01-2024 15:03,03-01-2024 16:38,03-01-2024 18:43,Emergency,Routine checkup,CT scan,TRUE,DR13,A-15,0.7,5,8,0.49,01:16.3,,Oncology,08:05.3,32:02.9,0,1,Online,2024,Jan,3,Wed,FALSE,1,-13.73333333,,,4.204367483,4.145632517,19.8,31.1,95.45,124.85,282.1666667,265.8166667,14,2,1,High,"(3.0, 5.0]","(6.0, 9.0]","(0.4, 0.5]"
P100357,Pediatric (0-17),Internal Medicine,Specialist Referral,Self-pay,Scheduled,31-01-2024,31-01-2024 14:45,31-01-2024 14:46,31-01-2024 14:48,31-01-2024 14:58,31-01-2024 15:14,31-01-2024 15:19,31-01-2024 16:27,31-01-2024 17:25,Urgent,Follow-up procedure,Comprehensive labs,TRUE,DR41,C-1,0.92,5,6,0.31,46:29.7,,Internal Medicine,53:21.5,14:01.7,0,1,Online,2024,Jan,31,Wed,FALSE,1,1.483333333,,,4.458337183,4.941662817,15.71666667,5,68.7,57.35,158.5833333,157.65,14,2,1,Very High,"(3.0, 5.0]","(2.999, 6.0]","(0.3, 0.4]"
P100358,Pediatric (0-17),Emergency,New Patient,Medicare,Walk-in,21-03-2024,21-03-2024 15:15,21-03-2024 14:54,21-03-2024 14:57,21-03-2024 15:04,21-03-2024 15:42,21-03-2024 16:16,21-03-2024 16:42,21-03-2024 17:50,Non-urgent,Routine checkup,Basic labs,TRUE,DR35,C-8,0.83,3,14,0.12,54:19.8,56:36.5,Emergency,00:39.9,42:59.6,1,0,Walk-in,2024,Mar,21,Thu,FALSE,1,-20.68333333,2.29198115,1.35801885,2.6985297,3.584803633,38.73333333,33.65,26.16666667,67.53333333,176.0166667,155.3333333,14,3,3,Very High,"(1.999, 3.0]","(12.0, 15.0]","(0.099, 0.2]"
P100359,Pediatric (0-17),Emergency,Urgent Care,Medicare,Scheduled,02-02-2024,02-02-2024 14:30,02-02-2024 14:29,02-02-2024 14:32,02-02-2024 14:51,02-02-2024 15:38,02-02-2024 15:43,02-02-2024 15:43,02-02-2024 16:25,Semi-urgent,Post-operative,None,TRUE,DR7,D-10,0.42,7,11,0.36,29:11.0,,Emergency,47:15.2,38:08.9,0,1,Online,2024,Feb,2,Fri,FALSE,1,-0.833333333,,,14.47064367,4.379356333,46.5,5,0,42.46666667,116.4333333,111.9833333,14,4,2,Low,"(5.0, 7.0]","(9.0, 12.0]","(0.3, 0.4]"
P100360,Adult (36-60),Obstetrics,New Patient,Private,Scheduled,19-03-2024,19-03-2024 10:45,19-03-2024 10:44,19-03-2024 10:45,19-03-2024 10:53,19-03-2024 12:09,19-03-2024 12:18,19-03-2024 12:18,19-03-2024 13:12,Semi-urgent,Injury,None,TRUE,DR42,C-9,0.84,7,8,0.31,44:29.9,,Obstetrics,49:19.8,09:54.5,0,1,Online,2024,Mar,19,Tue,FALSE,1,-0.516666667,,,3.380686383,3.685980283,76.88333333,8.666666667,0,54.11666667,148.2,146.2166667,10,1,3,Very High,"(5.0, 7.0]","(6.0, 9.0]","(0.3, 0.4]"
P100361,Pediatric (0-17),Oncology,New Patient,Medicaid,Scheduled,19-02-2024,19-02-2024 10:15,19-02-2024 09:57,19-02-2024 09:58,19-02-2024 10:05,19-02-2024 11:29,19-02-2024 11:40,19-02-2024 15:13,19-02-2024 15:17,Non-urgent,Injury,Multiple tests,FALSE,DR15,B-9,0.65,2,15,0.24,57:49.9,,Oncology,59:52.1,29:33.4,0,1,Online,2024,Feb,19,Mon,FALSE,1,-17.18333333,,,0.884931783,5.481734883,84.2,10.61666667,213.7,3.166666667,319.2166667,300.8666667,9,0,2,High,"(1.999, 3.0]","(12.0, 15.0]","(0.2, 0.3]"
P100362,Young Adult (18-35),Radiology,Urgent Care,Medicaid,Scheduled,20-03-2024,20-03-2024 15:15,20-03-2024 14:50,20-03-2024 14:54,20-03-2024 15:03,20-03-2024 15:59,20-03-2024 16:13,20-03-2024 17:13,20-03-2024 17:44,Semi-urgent,Vaccination,CT scan,TRUE,DR40,C-2,0.4,4,4,0.2,50:19.1,,Radiology,00:06.1,59:54.8,0,1,Online,2024,Mar,20,Wed,FALSE,1,-24.68333333,,,5.618626267,3.4480404,56.35,13.96666667,59.63333333,30.71666667,173.9,145.05,14,2,3,Low,"(3.0, 5.0]","(2.999, 6.0]","(0.099, 0.2]"
P100363,Young Adult (18-35),Pediatrics,Follow-up,Medicaid,Walk-in,08-01-2024,08-01-2024 15:45,08-01-2024 15:51,08-01-2024 15:56,08-01-2024 16:03,08-01-2024 18:21,08-01-2024 18:39,08-01-2024 20:04,08-01-2024 20:13,Non-urgent,Consultation,Comprehensive labs,FALSE,DR5,B-1,0.81,3,12,0.48,51:16.7,58:42.2,Pediatrics,58:05.3,21:06.8,1,0,Walk-in,2024,Jan,8,Mon,FALSE,1,6.266666667,7.435874333,-2.452541,1.83838005,5.544953283,137.4666667,18,85.83333333,8.783333333,262.45,268.7166667,15,0,1,Very High,"(1.999, 3.0]","(9.0, 12.0]","(0.4, 0.5]"
P100364,Adult (36-60),Oncology,Follow-up,Self-pay,Emergency,31-03-2024,31-03-2024 10:00,31-03-2024 09:48,31-03-2024 09:50,31-03-2024 09:57,31-03-2024 11:51,31-03-2024 12:31,31-03-2024 13:48,31-03-2024 15:30,Semi-urgent,Routine checkup,Ultrasound,TRUE,DR27,A-7,0.62,3,9,0.32,48:46.3,51:33.9,Oncology,53:54.3,51:56.2,1,0,Walk-in,2024,Mar,31,Sun,TRUE,1,-11.23333333,2.7985313,-0.631864633,2.97086055,3.912472783,114.1166667,39.18333333,77.6,102.05,342,330.7666667,9,6,3,Medium,"(1.999, 3.0]","(6.0, 9.0]","(0.3, 0.4]"
P100365,Young Adult (18-35),Internal Medicine,New Patient,Private,Scheduled,29-02-2024,29-02-2024 09:00,29-02-2024 08:39,29-02-2024 08:41,29-02-2024 08:45,29-02-2024 09:10,29-02-2024 09:29,29-02-2024 10:36,29-02-2024 12:34,Urgent,Consultation,Comprehensive labs,TRUE,DR20,A-2,0.78,8,15,0.23,39:00.1,,Internal Medicine,41:26.4,10:22.8,0,1,Online,2024,Feb,29,Thu,FALSE,1,-21,,,-0.459729867,4.0930632,24.83333333,19.43333333,66.3,118.7166667,235.8166667,211.9166667,8,3,2,High,"(7.0, 8.0]","(12.0, 15.0]","(0.2, 0.3]"
P100366,Pediatric (0-17),Oncology,New Patient,None,Scheduled,14-01-2024,14-01-2024 16:30,14-01-2024 16:30,14-01-2024 16:31,14-01-2024 16:36,14-01-2024 17:09,14-01-2024 17:23,14-01-2024 17:23,14-01-2024 19:20,Non-urgent,Routine checkup,None,TRUE,DR28,D-11,0.88,6,13,0.25,30:19.4,,Oncology,30:57.3,09:43.3,0,1,Online,2024,Jan,14,Sun,TRUE,1,0.316666667,,,-0.462052433,5.595385767,33.16666667,14.16666667,0,116.8166667,170.3833333,169.6,16,6,1,Very High,"(5.0, 7.0]","(12.0, 15.0]","(0.2, 0.3]"
P100367,Adult (36-60),Orthopedics,Specialist Referral,Self-pay,Walk-in,26-01-2024,26-01-2024 10:15,26-01-2024 09:43,26-01-2024 09:46,26-01-2024 09:47,26-01-2024 10:13,26-01-2024 10:18,26-01-2024 10:18,26-01-2024 11:50,Urgent,Injury,None,TRUE,DR4,B-13,0.36,3,12,0.29,43:13.5,47:14.8,Orthopedics,43:04.7,13:54.2,1,0,Walk-in,2024,Jan,26,Fri,FALSE,1,-31.78333333,4.03058225,-0.897248917,-3.272286433,4.272286433,26.55,5,0,91.16666667,126.85,95.06666667,9,4,1,Low,"(1.999, 3.0]","(9.0, 12.0]","(0.2, 0.3]"
P100368,Young Adult (18-35),Oncology,Urgent Care,Private,Scheduled,30-03-2024,30-03-2024 15:00,30-03-2024 14:58,30-03-2024 15:02,30-03-2024 15:11,30-03-2024 15:43,30-03-2024 16:12,30-03-2024 17:26,30-03-2024 17:35,Semi-urgent,Injury,Comprehensive labs,FALSE,DR23,C-7,0.86,4,3,0.11,58:26.9,,Oncology,07:27.3,43:01.2,0,1,Online,2024,Mar,30,Sat,TRUE,1,-1.566666667,,,4.78902275,3.644310583,31.91666667,29.05,74.2,8.866666667,156.7,150.9,14,5,3,Very High,"(3.0, 5.0]","(2.999, 6.0]","(0.099, 0.2]"
P100369,Senior (61+),Pediatrics,Specialist Referral,Medicaid,Scheduled,23-01-2024,23-01-2024 16:15,23-01-2024 16:21,23-01-2024 16:24,23-01-2024 16:29,23-01-2024 16:46,23-01-2024 17:02,23-01-2024 17:39,23-01-2024 17:55,Semi-urgent,Acute illness,Basic labs,FALSE,DR29,C-9,0.38,8,5,0.11,21:07.7,,Pediatrics,24:48.5,46:21.2,0,1,Online,2024,Jan,23,Tue,FALSE,1,6.116666667,,,0.157652917,5.042347083,16.5,16.56666667,36.51666667,15.8,94.11666667,96.7,16,1,1,Low,"(7.0, 8.0]","(2.999, 6.0]","(0.099, 0.2]"
P100370,Adult (36-60),Cardiology,Follow-up,Medicare,Scheduled,27-03-2024,27-03-2024 09:45,27-03-2024 09:19,27-03-2024 09:22,27-03-2024 09:35,27-03-2024 10:55,27-03-2024 11:06,27-03-2024 11:30,27-03-2024 11:46,Non-urgent,Acute illness,Basic labs,FALSE,DR41,B-15,0.83,5,4,0.42,19:14.8,,Cardiology,31:35.4,55:46.8,0,1,Online,2024,Mar,27,Wed,FALSE,1,-25.76666667,,,9.157017,4.109649667,80.06666667,10.71666667,23.71666667,16.21666667,147.1833333,118.2166667,9,2,3,Very High,"(3.0, 5.0]","(2.999, 6.0]","(0.4, 0.5]"
P100371,Young Adult (18-35),Orthopedics,Specialist Referral,Medicaid,Scheduled,04-01-2024,04-01-2024 14:00,04-01-2024 14:27,04-01-2024 14:29,04-01-2024 14:37,04-01-2024 15:35,04-01-2024 15:53,04-01-2024 16:30,04-01-2024 16:37,Semi-urgent,Diagnostic testing,ECG,FALSE,DR46,D-8,0.53,5,9,0.12,27:02.5,,Orthopedics,31:39.4,35:46.5,0,1,Online,2024,Jan,4,Thu,FALSE,1,27.03333333,,,2.04038455,5.676282117,58.43333333,17.28333333,36.95,7.683333333,130.65,155.1,14,3,1,Medium,"(3.0, 5.0]","(6.0, 9.0]","(0.099, 0.2]"
P100372,Young Adult (18-35),Emergency,New Patient,Medicaid,Scheduled,03-03-2024,03-03-2024 15:30,03-03-2024 15:41,03-03-2024 15:43,03-03-2024 15:55,03-03-2024 16:15,03-03-2024 16:32,03-03-2024 17:07,03-03-2024 17:18,Urgent,Acute illness,X-ray,FALSE,DR6,D-9,0.77,5,8,0.45,41:45.1,,Emergency,52:06.1,15:28.1,0,1,Online,2024,Mar,3,Sun,TRUE,1,11.75,,,8.118736517,3.364596817,20,16.63333333,35.08333333,11.8,97.23333333,106.75,15,6,3,High,"(3.0, 5.0]","(6.0, 9.0]","(0.4, 0.5]"
P100373,Young Adult (18-35),Orthopedics,Specialist Referral,None,Walk-in,22-01-2024,22-01-2024 12:15,22-01-2024 11:30,22-01-2024 11:34,22-01-2024 11:38,22-01-2024 11:52,22-01-2024 11:57,22-01-2024 12:38,22-01-2024 12:49,Non-urgent,Injury,Ultrasound,FALSE,DR8,D-11,0.73,8,8,0.13,30:10.4,33:56.3,Orthopedics,33:09.5,52:21.7,1,0,Walk-in,2024,Jan,22,Mon,FALSE,1,-44.83333333,3.771092733,0.728907267,-1.508927033,5.608927033,13.58333333,5.066666667,40.76666667,11.68333333,79.7,34.86666667,11,0,1,High,"(7.0, 8.0]","(6.0, 9.0]","(0.099, 0.2]"
P100374,Pediatric (0-17),Oncology,Specialist Referral,Self-pay,Scheduled,14-01-2024,14-01-2024 12:30,14-01-2024 12:28,14-01-2024 12:33,14-01-2024 12:38,14-01-2024 14:09,14-01-2024 14:37,14-01-2024 15:59,14-01-2024 16:39,Non-urgent,Follow-up procedure,Comprehensive labs,TRUE,DR45,D-10,0.79,6,3,0.21,28:09.4,,Oncology,34:23.9,09:03.7,0,1,Online,2024,Jan,14,Sun,TRUE,1,-1.85,,,1.281363,3.818637,90.83333333,28.16666667,82.58333333,39.25,250.9,244.0833333,12,6,1,High,"(5.0, 7.0]","(2.999, 6.0]","(0.2, 0.3]"
P100375,Adult (36-60),General Surgery,Follow-up,None,Emergency,13-01-2024,13-01-2024 13:15,13-01-2024 12:53,13-01-2024 12:57,13-01-2024 13:01,13-01-2024 14:05,13-01-2024 14:30,13-01-2024 14:54,13-01-2024 14:56,Non-urgent,Diagnostic testing,Basic labs,FALSE,DR30,B-7,0.93,6,14,0.42,53:26.3,56:09.4,General Surgery,58:44.3,05:46.5,1,0,Walk-in,2024,Jan,13,Sat,TRUE,1,-21.56666667,2.722684417,1.427315583,1.154305433,2.562361233,64.46666667,25.13333333,24.03333333,2,123.5,101.9333333,12,5,1,Very High,"(5.0, 7.0]","(12.0, 15.0]","(0.4, 0.5]"
P100376,Young Adult (18-35),Neurology,New Patient,None,Scheduled,15-02-2024,15-02-2024 14:30,15-02-2024 14:12,15-02-2024 14:16,15-02-2024 14:29,15-02-2024 15:33,15-02-2024 16:01,15-02-2024 16:25,15-02-2024 16:32,Urgent,Consultation,ECG,FALSE,DR20,B-8,0.71,4,8,0.18,12:07.7,,Neurology,27:39.6,33:42.1,0,1,Online,2024,Feb,15,Thu,FALSE,1,-17.88333333,,,11.35962773,2.2737056,63.76666667,27.75,23.93333333,7.583333333,140.85,118.7833333,14,3,2,High,"(3.0, 5.0]","(6.0, 9.0]","(0.099, 0.2]"
P100377,Young Adult (18-35),Obstetrics,Specialist Referral,Medicaid,Walk-in,12-01-2024,12-01-2024 13:45,12-01-2024 13:35,12-01-2024 13:37,12-01-2024 13:42,12-01-2024 13:47,12-01-2024 14:04,12-01-2024 14:44,12-01-2024 14:53,Semi-urgent,Acute illness,Basic labs,FALSE,DR17,A-15,0.52,8,13,0.19,35:32.2,43:38.3,Obstetrics,39:24.6,47:24.3,1,0,Walk-in,2024,Jan,12,Fri,FALSE,1,-9.466666667,8.105104883,-6.47177155,2.243018217,3.140315117,4.85,16.76666667,40.78333333,8.166666667,77.58333333,68.11666667,13,4,1,Medium,"(7.0, 8.0]","(12.0, 15.0]","(0.099, 0.2]"
P100378,Senior (61+),Emergency,New Patient,Private,Walk-in,26-01-2024,26-01-2024 12:30,26-01-2024 12:31,26-01-2024 12:33,26-01-2024 12:42,26-01-2024 13:57,26-01-2024 14:14,26-01-2024 14:45,26-01-2024 14:58,Non-urgent,Post-operative,X-ray,FALSE,DR30,D-2,0.54,3,4,0.29,31:54.3,38:56.6,Emergency,38:57.6,57:38.3,1,0,Walk-in,2024,Jan,26,Fri,FALSE,1,1.9,7.044154517,-4.994154517,5.0092041,3.857462567,74.81666667,16.4,31.65,13.1,146.8833333,148.7833333,12,4,1,Medium,"(1.999, 3.0]","(2.999, 6.0]","(0.2, 0.3]"
P100379,Senior (61+),Orthopedics,Urgent Care,Self-pay,Scheduled,09-02-2024,09-02-2024 11:30,09-02-2024 11:04,09-02-2024 11:06,09-02-2024 11:20,09-02-2024 11:46,09-02-2024 12:12,09-02-2024 12:44,09-02-2024 14:38,Semi-urgent,Post-operative,Comprehensive labs,TRUE,DR3,D-9,0.38,2,5,0.36,04:06.7,,Orthopedics,18:29.5,46:18.2,0,1,Online,2024,Feb,9,Fri,FALSE,1,-25.9,,,11.80872332,2.024610017,25.78333333,26.3,31.51666667,113.8833333,213.9,185.4166667,11,4,2,Low,"(1.999, 3.0]","(2.999, 6.0]","(0.3, 0.4]"
P100380,Senior (61+),General Surgery,New Patient,Medicaid,Scheduled,21-03-2024,21-03-2024 15:45,21-03-2024 15:10,21-03-2024 15:12,21-03-2024 15:16,21-03-2024 15:28,21-03-2024 16:01,21-03-2024 17:07,21-03-2024 17:13,Semi-urgent,Consultation,Ultrasound,FALSE,DR26,C-5,0.95,6,4,0.35,10:39.5,,General Surgery,11:06.5,28:09.6,0,1,Online,2024,Mar,21,Thu,FALSE,1,-34.35,,,-1.207761617,5.557761617,11.48333333,33.33333333,66.25,5.85,122.9333333,86.91666667,15,3,3,Very High,"(5.0, 7.0]","(2.999, 6.0]","(0.3, 0.4]"
P100381,Senior (61+),Neurology,Urgent Care,Self-pay,Scheduled,07-03-2024,07-03-2024 14:15,07-03-2024 13:53,07-03-2024 13:57,07-03-2024 14:01,07-03-2024 17:07,07-03-2024 17:14,07-03-2024 17:44,07-03-2024 17:58,Non-urgent,Diagnostic testing,Basic labs,FALSE,DR33,A-5,0.32,8,7,0.24,53:57.5,,Neurology,56:02.8,07:43.7,0,1,Online,2024,Mar,7,Thu,FALSE,1,-21.05,,,-0.970064783,4.953398117,186.7166667,6.6,30.2,14.25,244.8166667,220.7,13,3,3,Low,"(7.0, 8.0]","(6.0, 9.0]","(0.2, 0.3]"
P100382,Senior (61+),Oncology,New Patient,Private,Scheduled,14-02-2024,14-02-2024 08:30,14-02-2024 08:29,14-02-2024 08:33,14-02-2024 08:38,14-02-2024 09:05,14-02-2024 09:21,14-02-2024 10:03,14-02-2024 11:41,Non-urgent,Follow-up procedure,CT scan,TRUE,DR45,D-8,0.85,8,13,0.37,29:42.4,,Oncology,34:50.1,05:17.9,0,1,Online,2024,Feb,14,Wed,FALSE,1,-0.3,,,1.635414117,3.197919217,27.25,16.41666667,41.51666667,97.86666667,191.3833333,187.5833333,8,2,2,Very High,"(7.0, 8.0]","(12.0, 15.0]","(0.3, 0.4]"
P100383,Senior (61+),Radiology,Specialist Referral,None,Scheduled,12-03-2024,12-03-2024 12:15,12-03-2024 11:31,12-03-2024 11:34,12-03-2024 11:43,12-03-2024 11:51,12-03-2024 12:15,12-03-2024 12:33,12-03-2024 13:46,Urgent,Injury,Basic labs,TRUE,DR38,B-14,0.71,4,3,0.16,31:25.5,,Radiology,40:32.0,51:19.2,0,1,Online,2024,Mar,12,Tue,FALSE,1,-43.58333333,,,6.350812317,2.632521017,8.15,23.7,18.13333333,73.76666667,135.5,89.15,11,1,3,High,"(3.0, 5.0]","(2.999, 6.0]","(0.099, 0.2]"
P100384,Pediatric (0-17),Pediatrics,Urgent Care,Private,Walk-in,13-02-2024,13-02-2024 09:30,13-02-2024 08:57,13-02-2024 09:02,13-02-2024 09:07,13-02-2024 09:11,13-02-2024 09:20,13-02-2024 09:20,13-02-2024 10:28,Immediate,Vaccination,None,TRUE,DR41,A-12,0.45,3,12,0.23,57:42.6,02:08.8,Pediatrics,03:46.1,11:18.3,1,0,Walk-in,2024,Feb,13,Tue,FALSE,1,-32.3,4.447409417,-0.147409417,1.768792733,3.297873933,4.233333333,8.716666667,0,68.9,91.21666667,58.91666667,8,1,2,Low,"(1.999, 3.0]","(9.0, 12.0]","(0.2, 0.3]"
P100385,Senior (61+),Cardiology,New Patient,None,Scheduled,22-01-2024,22-01-2024 13:45,22-01-2024 13:25,22-01-2024 13:29,22-01-2024 13:36,22-01-2024 15:22,22-01-2024 15:35,22-01-2024 16:19,22-01-2024 17:23,Non-urgent,Follow-up procedure,X-ray,TRUE,DR5,D-10,0.34,8,8,0.16,25:20.9,,Cardiology,30:30.3,22:04.7,0,1,Online,2024,Jan,22,Mon,FALSE,1,-19.66666667,,,0.604320683,5.795679317,105.7666667,13.38333333,44,64.43333333,238.55,214.3166667,13,0,1,Low,"(7.0, 8.0]","(6.0, 9.0]","(0.099, 0.2]"
P100386,Adult (36-60),General Surgery,Follow-up,None,Scheduled,03-02-2024,03-02-2024 15:15,03-02-2024 15:05,03-02-2024 15:09,03-02-2024 15:15,03-02-2024 15:58,03-02-2024 16:21,03-02-2024 16:49,03-02-2024 17:06,Semi-urgent,Injury,Basic labs,FALSE,DR13,B-15,0.41,4,3,0.28,05:38.1,,General Surgery,12:22.4,58:54.9,0,1,Online,2024,Feb,3,Sat,TRUE,1,-9.366666667,,,2.740489883,2.94284345,43.58333333,22.2,28.51666667,16.48333333,120.4666667,107.1,15,5,2,Low,"(3.0, 5.0]","(2.999, 6.0]","(0.2, 0.3]"
P100387,Adult (36-60),Cardiology,Specialist Referral,Self-pay,Walk-in,06-03-2024,06-03-2024 14:00,06-03-2024 14:10,06-03-2024 14:15,06-03-2024 14:24,06-03-2024 14:50,06-03-2024 15:10,06-03-2024 15:53,06-03-2024 16:09,Urgent,Post-operative,Comprehensive labs,FALSE,DR36,A-8,0.77,7,11,0.19,10:35.0,16:51.1,Cardiology,22:21.1,50:44.1,1,0,Walk-in,2024,Mar,6,Wed,FALSE,1,10.58333333,6.268660483,-1.33532715,6.834241067,2.0324256,26.35,20,43.06666667,15.61666667,118.8333333,129.4166667,14,2,3,High,"(5.0, 7.0]","(9.0, 12.0]","(0.099, 0.2]"
P100388,Senior (61+),General Surgery,Follow-up,None,Scheduled,08-03-2024,08-03-2024 08:45,08-03-2024 08:27,08-03-2024 08:32,08-03-2024 08:38,08-03-2024 10:44,08-03-2024 11:03,08-03-2024 11:03,08-03-2024 11:20,Semi-urgent,Follow-up procedure,None,FALSE,DR38,B-7,0.46,4,7,0.36,27:58.4,,General Surgery,36:19.5,44:18.8,0,1,Online,2024,Mar,8,Fri,FALSE,1,-17.03333333,,,4.258833967,2.124499367,125.85,19.33333333,0,17.28333333,172.95,151.8166667,8,4,3,Low,"(3.0, 5.0]","(6.0, 9.0]","(0.3, 0.4]"
P100389,Young Adult (18-35),Radiology,Urgent Care,Self-pay,Scheduled,24-03-2024,24-03-2024 14:15,24-03-2024 14:04,24-03-2024 14:06,24-03-2024 14:12,24-03-2024 14:27,24-03-2024 14:52,24-03-2024 16:16,24-03-2024 17:43,Urgent,Injury,Biopsy,TRUE,DR13,B-10,0.39,6,15,0.27,04:41.8,,Radiology,06:37.9,27:12.7,0,1,Online,2024,Mar,24,Sun,TRUE,1,-10.31666667,,,0.581872667,5.684794,14.88333333,25.43333333,84.03333333,86.85,218.8333333,207.15,14,6,3,Low,"(5.0, 7.0]","(12.0, 15.0]","(0.2, 0.3]"
P100390,Pediatric (0-17),Internal Medicine,New Patient,None,Scheduled,26-03-2024,26-03-2024 12:15,26-03-2024 12:02,26-03-2024 12:06,26-03-2024 12:11,26-03-2024 12:53,26-03-2024 13:08,26-03-2024 13:08,26-03-2024 13:15,Semi-urgent,Consultation,None,FALSE,DR9,A-8,0.78,4,9,0.23,02:25.2,,Internal Medicine,06:44.4,53:39.3,0,1,Online,2024,Mar,26,Tue,FALSE,1,-12.58333333,,,-0.177335117,4.46066845,42.45,14.43333333,0,7.283333333,72.95,55.86666667,12,1,3,High,"(3.0, 5.0]","(6.0, 9.0]","(0.2, 0.3]"
P100391,Pediatric (0-17),Orthopedics,Follow-up,Self-pay,Emergency,28-03-2024,28-03-2024 09:00,28-03-2024 08:34,28-03-2024 08:36,28-03-2024 08:42,28-03-2024 08:47,28-03-2024 09:07,28-03-2024 09:07,28-03-2024 09:21,Emergency,Prescription renewal,None,FALSE,DR17,C-4,0.83,8,14,0.18,34:10.2,37:48.0,Orthopedics,38:08.3,47:56.3,1,0,Walk-in,2024,Mar,28,Thu,FALSE,1,-25.83333333,3.632512117,-1.799178783,2.1384818,4.028184867,5.766666667,19.76666667,0,14.13333333,47.66666667,21.83333333,8,3,3,Very High,"(7.0, 8.0]","(12.0, 15.0]","(0.099, 0.2]"
P100392,Adult (36-60),General Surgery,Specialist Referral,Medicaid,Scheduled,22-03-2024,22-03-2024 11:00,22-03-2024 11:09,22-03-2024 11:11,22-03-2024 11:18,22-03-2024 12:44,22-03-2024 13:12,22-03-2024 15:23,22-03-2024 15:28,Semi-urgent,Chronic condition,Biopsy,FALSE,DR32,A-8,0.56,6,7,0.14,09:42.8,,General Surgery,14:41.9,44:02.7,0,1,Online,2024,Mar,22,Fri,FALSE,1,9.7,,,3.548974683,4.017691983,85.31666667,28.38333333,130.8666667,5.183333333,258.7666667,267.0166667,11,4,3,Medium,"(5.0, 7.0]","(6.0, 9.0]","(0.099, 0.2]"
P100393,Young Adult (18-35),Pediatrics,Urgent Care,Self-pay,Walk-in,07-03-2024,07-03-2024 11:15,07-03-2024 11:30,07-03-2024 11:34,07-03-2024 11:35,07-03-2024 11:49,07-03-2024 11:54,07-03-2024 12:45,07-03-2024 12:48,Urgent,Diagnostic testing,Ultrasound,FALSE,DR18,A-14,0.38,5,3,0.42,30:42.5,37:09.9,Pediatrics,31:40.1,49:55.0,1,0,Walk-in,2024,Mar,7,Thu,FALSE,1,15.7,6.464300083,-2.314300083,-3.1811408,4.1811408,14.06666667,5,50.1,3.733333333,78.05,93.75,11,3,3,Low,"(3.0, 5.0]","(2.999, 6.0]","(0.4, 0.5]"
P100394,Pediatric (0-17),Cardiology,Follow-up,Medicaid,Scheduled,28-03-2024,28-03-2024 14:30,28-03-2024 13:39,28-03-2024 13:43,28-03-2024 13:55,28-03-2024 13:57,28-03-2024 14:24,28-03-2024 15:06,28-03-2024 15:17,Urgent,Vaccination,Comprehensive labs,FALSE,DR25,D-4,0.78,8,6,0.14,39:39.9,,Cardiology,50:21.5,57:47.1,0,1,Online,2024,Mar,28,Thu,FALSE,1,-50.35,,,7.258096667,4.65857,2.766666667,27.2,41.05,11.6,97.98333333,44.18333333,13,3,3,High,"(7.0, 8.0]","(2.999, 6.0]","(0.099, 0.2]"
P100395,Pediatric (0-17),General Surgery,Specialist Referral,Medicare,Scheduled,09-03-2024,09-03-2024 12:30,09-03-2024 12:19,09-03-2024 12:23,09-03-2024 12:31,09-03-2024 13:32,09-03-2024 14:03,09-03-2024 14:26,09-03-2024 14:45,Non-urgent,Post-operative,ECG,FALSE,DR38,A-7,0.6,6,13,0.24,19:07.0,,General Surgery,27:34.8,32:04.3,0,1,Online,2024,Mar,9,Sat,TRUE,1,-10.88333333,,,3.712654933,4.137345067,60.35,31.35,22.91666667,19.28333333,146.5,130.8666667,12,5,3,Medium,"(5.0, 7.0]","(12.0, 15.0]","(0.2, 0.3]"
P100396,Senior (61+),Pediatrics,New Patient,Medicare,Scheduled,14-01-2024,14-01-2024 08:00,14-01-2024 07:36,14-01-2024 07:38,14-01-2024 07:45,14-01-2024 08:10,14-01-2024 08:24,14-01-2024 08:57,14-01-2024 11:02,Semi-urgent,Routine checkup,Ultrasound,TRUE,DR10,B-15,0.73,4,12,0.12,36:37.6,,Pediatrics,40:46.3,10:58.9,0,1,Online,2024,Jan,14,Sun,TRUE,1,-23.38333333,,,1.872202367,4.461130967,25.73333333,13.5,33.23333333,124.7833333,205.8666667,180.2,7,6,1,High,"(3.0, 5.0]","(9.0, 12.0]","(0.099, 0.2]"
P100397,Pediatric (0-17),Orthopedics,Follow-up,Medicaid,Scheduled,28-01-2024,28-01-2024 12:15,28-01-2024 12:13,28-01-2024 12:16,28-01-2024 12:21,28-01-2024 12:40,28-01-2024 13:00,28-01-2024 13:00,28-01-2024 13:57,Semi-urgent,Follow-up procedure,None,TRUE,DR15,A-3,0.94,6,3,0.24,13:50.6,,Orthopedics,19:27.9,40:22.3,0,1,Online,2024,Jan,28,Sun,TRUE,1,-1.166666667,,,3.432277183,2.20105615,18.7,20.33333333,0,56.75,103.6166667,100.25,12,6,1,Very High,"(5.0, 7.0]","(2.999, 6.0]","(0.2, 0.3]"
P100398,Pediatric (0-17),Internal Medicine,Urgent Care,Medicaid,Emergency,22-03-2024,22-03-2024 08:45,22-03-2024 08:15,22-03-2024 08:19,22-03-2024 08:21,22-03-2024 09:23,22-03-2024 09:36,22-03-2024 10:20,22-03-2024 10:39,Semi-urgent,Post-operative,Basic labs,FALSE,DR22,D-4,0.83,7,7,0.18,15:11.9,23:45.5,Internal Medicine,18:20.0,23:42.2,1,0,Walk-in,2024,Mar,22,Fri,FALSE,1,-29.81666667,8.575153867,-4.3084872,-1.117295783,3.300629117,62.06666667,12.9,43.6,19.58333333,144.6,114.7833333,8,4,3,Very High,"(5.0, 7.0]","(6.0, 9.0]","(0.099, 0.2]"
P100399,Young Adult (18-35),Emergency,New Patient,Medicare,Emergency,10-01-2024,10-01-2024 09:30,10-01-2024 08:59,10-01-2024 09:04,10-01-2024 09:09,10-01-2024 10:25,10-01-2024 10:42,10-01-2024 10:42,10-01-2024 12:45,Non-urgent,Injury,None,TRUE,DR23,D-5,0.65,6,11,0.38,59:53.9,08:28.3,Emergency,04:23.3,25:04.9,1,0,Walk-in,2024,Jan,10,Wed,FALSE,1,-30.11666667,8.5878555,-4.1378555,0.055127267,5.494872733,75.18333333,17.88333333,0,122.0666667,225.1333333,195.0166667,8,2,1,High,"(5.0, 7.0]","(9.0, 12.0]","(0.3, 0.4]"
P100400,Pediatric (0-17),Pediatrics,Follow-up,Medicaid,Scheduled,26-02-2024,26-02-2024 12:15,26-02-2024 12:09,26-02-2024 12:14,26-02-2024 12:21,26-02-2024 13:02,26-02-2024 13:33,26-02-2024 14:34,26-02-2024 16:37,Semi-urgent,Prescription renewal,Comprehensive labs,TRUE,DR33,D-13,0.81,2,15,0.15,09:30.7,,Pediatrics,15:47.4,02:31.4,0,1,Online,2024,Feb,26,Mon,FALSE,1,-5.5,,,1.639297817,5.560702183,41.16666667,30.58333333,61.15,123.3666667,268.1166667,257.9666667,12,0,2,Very High,"(1.999, 3.0]","(12.0, 15.0]","(0.099, 0.2]"
P100401,Adult (36-60),Orthopedics,New Patient,None,Scheduled,13-02-2024,13-02-2024 12:45,13-02-2024 12:32,13-02-2024 12:34,13-02-2024 12:42,13-02-2024 13:14,13-02-2024 13:51,13-02-2024 14:10,13-02-2024 15:41,Semi-urgent,Acute illness,Basic labs,TRUE,DR37,C-4,0.44,5,13,0.4,32:09.3,,Orthopedics,38:31.9,14:25.6,0,1,Online,2024,Feb,13,Tue,FALSE,1,-12.85,,,4.414284983,4.002381683,31.88333333,37.36666667,18.63333333,90.96666667,189.2333333,174.4166667,12,1,2,Low,"(3.0, 5.0]","(12.0, 15.0]","(0.3, 0.4]"
P100402,Young Adult (18-35),Obstetrics,Follow-up,Self-pay,Emergency,26-02-2024,26-02-2024 10:30,26-02-2024 10:07,26-02-2024 10:10,26-02-2024 10:19,26-02-2024 10:35,26-02-2024 10:48,26-02-2024 10:48,26-02-2024 12:57,Semi-urgent,Chronic condition,None,TRUE,DR11,D-2,0.51,6,5,0.2,07:05.5,12:48.1,Obstetrics,13:28.5,35:32.8,1,0,Walk-in,2024,Feb,26,Mon,FALSE,1,-22.91666667,5.718456917,-2.685123583,3.3584857,5.558180967,16.5,13.08333333,0,129.25,170.7833333,147.8666667,10,0,2,Medium,"(5.0, 7.0]","(2.999, 6.0]","(0.099, 0.2]"
P100403,Adult (36-60),Emergency,New Patient,Medicare,Scheduled,12-03-2024,12-03-2024 14:45,12-03-2024 15:10,12-03-2024 15:11,12-03-2024 15:16,12-03-2024 16:23,12-03-2024 16:28,12-03-2024 16:48,12-03-2024 16:59,Semi-urgent,Consultation,Basic labs,FALSE,DR21,B-13,0.76,2,15,0.38,10:10.2,,Emergency,11:55.9,23:36.4,0,1,Online,2024,Mar,12,Tue,FALSE,1,25.16666667,,,0.232071767,4.817928233,66.85,5,20.03333333,10.65,109.1166667,132.75,15,1,3,High,"(1.999, 3.0]","(12.0, 15.0]","(0.3, 0.4]"
P100404,Senior (61+),Internal Medicine,New Patient,Private,Scheduled,21-03-2024,21-03-2024 10:30,21-03-2024 10:19,21-03-2024 10:22,21-03-2024 10:25,21-03-2024 10:45,21-03-2024 10:55,21-03-2024 11:48,21-03-2024 12:54,Urgent,Diagnostic testing,X-ray,TRUE,DR19,B-8,0.55,8,14,0.46,19:34.0,,Internal Medicine,22:10.9,45:26.4,0,1,Online,2024,Mar,21,Thu,FALSE,1,-10.43333333,,,-0.70158935,3.584922683,19.66666667,9.716666667,53.1,66.01666667,154.7,140.95,10,3,3,Medium,"(7.0, 8.0]","(12.0, 15.0]","(0.4, 0.5]"
P100405,Senior (61+),Internal Medicine,Urgent Care,Medicare,Walk-in,24-01-2024,24-01-2024 08:00,24-01-2024 07:30,24-01-2024 07:35,24-01-2024 07:37,24-01-2024 08:38,24-01-2024 08:47,24-01-2024 09:16,24-01-2024 11:05,Semi-urgent,Injury,Basic labs,TRUE,DR30,C-4,0.57,4,5,0.33,30:13.1,37:43.3,Internal Medicine,34:18.9,38:09.7,1,0,Walk-in,2024,Jan,24,Wed,FALSE,1,-29.78333333,7.5050965,-2.621763167,-0.784983717,2.784983717,61.05,9.433333333,28.65,108.9166667,214.9333333,185.15,7,2,1,Medium,"(3.0, 5.0]","(2.999, 6.0]","(0.3, 0.4]"
P100406,Pediatric (0-17),Internal Medicine,Specialist Referral,Private,Scheduled,09-02-2024,09-02-2024 12:30,09-02-2024 11:41,09-02-2024 11:42,09-02-2024 11:43,09-02-2024 11:51,09-02-2024 12:21,09-02-2024 12:54,09-02-2024 12:56,Urgent,Acute illness,X-ray,FALSE,DR12,B-4,0.58,3,6,0.18,41:16.4,,Internal Medicine,39:31.0,51:13.6,0,1,Online,2024,Feb,9,Fri,FALSE,1,-48.73333333,,,-3.216775817,4.216775817,7.483333333,30.18333333,33.31666667,2,75.45,25.25,11,4,2,Medium,"(1.999, 3.0]","(2.999, 6.0]","(0.099, 0.2]"
P100407,Young Adult (18-35),Oncology,Specialist Referral,None,Emergency,07-02-2024,07-02-2024 14:00,07-02-2024 14:04,07-02-2024 14:06,07-02-2024 14:07,07-02-2024 15:30,07-02-2024 15:55,07-02-2024 17:09,07-02-2024 18:20,Non-urgent,Chronic condition,CT scan,TRUE,DR23,A-3,0.34,3,15,0.47,04:17.9,07:20.3,Oncology,05:04.9,30:52.2,1,0,Walk-in,2024,Feb,7,Wed,FALSE,1,4.283333333,3.054380817,-1.104380817,-1.1516325,2.1516325,83.63333333,25.1,73.03333333,71.13333333,255.85,260.1333333,14,2,2,Low,"(1.999, 3.0]","(12.0, 15.0]","(0.4, 0.5]"
P100408,Pediatric (0-17),Obstetrics,New Patient,None,Scheduled,08-03-2024,08-03-2024 13:45,08-03-2024 13:19,08-03-2024 13:23,08-03-2024 13:36,08-03-2024 14:49,08-03-2024 15:03,08-03-2024 16:13,08-03-2024 17:09,Non-urgent,Post-operative,Stress test,TRUE,DR29,B-6,0.62,2,12,0.33,19:21.5,,Obstetrics,33:58.5,49:59.1,0,1,Online,2024,Mar,8,Fri,FALSE,1,-25.65,,,10.25838702,2.174946317,73.83333333,13.81666667,69.95,55.8,230.2,200.1833333,13,4,3,Medium,"(1.999, 3.0]","(9.0, 12.0]","(0.3, 0.4]"
P100409,Senior (61+),General Surgery,New Patient,Self-pay,Scheduled,11-03-2024,11-03-2024 08:30,11-03-2024 08:21,11-03-2024 08:22,11-03-2024 08:26,11-03-2024 10:24,11-03-2024 10:50,11-03-2024 12:01,11-03-2024 12:10,Non-urgent,Follow-up procedure,MRI,FALSE,DR34,A-15,0.77,6,9,0.29,21:10.3,,General Surgery,23:52.3,24:21.9,0,1,Online,2024,Mar,11,Mon,FALSE,1,-8.833333333,,,0.955616067,2.894383933,117.5833333,26.61666667,70.08333333,9.25,229.1333333,218.55,8,0,3,High,"(5.0, 7.0]","(6.0, 9.0]","(0.2, 0.3]"
P100410,Adult (36-60),Pediatrics,New Patient,Medicaid,Scheduled,02-03-2024,02-03-2024 09:00,02-03-2024 08:17,02-03-2024 08:19,02-03-2024 08:25,02-03-2024 08:58,02-03-2024 09:19,02-03-2024 10:30,02-03-2024 11:52,Semi-urgent,Post-operative,CT scan,TRUE,DR3,B-1,0.51,7,5,0.44,17:29.6,,Pediatrics,22:44.7,58:21.6,0,1,Online,2024,Mar,2,Sat,TRUE,1,-42.51666667,,,2.861186717,2.388813283,33.21666667,21.23333333,71.03333333,81.51666667,214.65,169.7333333,8,5,3,Medium,"(5.0, 7.0]","(2.999, 6.0]","(0.4, 0.5]"
P100411,Young Adult (18-35),Obstetrics,Urgent Care,Private,Scheduled,05-02-2024,05-02-2024 10:15,05-02-2024 10:07,05-02-2024 10:11,05-02-2024 10:17,05-02-2024 11:59,05-02-2024 12:17,05-02-2024 13:42,05-02-2024 13:53,Non-urgent,Post-operative,Biopsy,FALSE,DR28,D-2,0.7,8,8,0.29,07:56.2,,Obstetrics,12:25.8,59:36.2,0,1,Online,2024,Feb,5,Mon,FALSE,1,-7.066666667,,,0.830499783,5.169500217,102,17.96666667,85.31666667,10.86666667,225.8166667,215.0833333,10,0,2,High,"(7.0, 8.0]","(6.0, 9.0]","(0.2, 0.3]"
P100412,Pediatric (0-17),Pediatrics,Specialist Referral,Private,Scheduled,21-02-2024,21-02-2024 14:45,21-02-2024 14:22,21-02-2024 14:24,21-02-2024 14:29,21-02-2024 14:33,21-02-2024 14:47,21-02-2024 16:27,21-02-2024 16:42,Urgent,Diagnostic testing,MRI,FALSE,DR38,D-9,0.8,6,8,0.29,22:51.2,,Pediatrics,24:04.5,33:33.1,0,1,Online,2024,Feb,21,Wed,FALSE,1,-22.15,,,-0.341216883,5.874550217,3.6,14.1,100.0333333,14.61666667,139.45,115.7333333,14,2,2,Very High,"(5.0, 7.0]","(6.0, 9.0]","(0.2, 0.3]"
P100413,Adult (36-60),Obstetrics,Follow-up,Medicare,Scheduled,06-03-2024,06-03-2024 14:15,06-03-2024 14:13,06-03-2024 14:16,06-03-2024 14:23,06-03-2024 14:53,06-03-2024 15:03,06-03-2024 15:03,06-03-2024 15:09,Semi-urgent,Vaccination,None,FALSE,DR20,A-13,0.77,4,12,0.32,13:19.6,,Obstetrics,21:15.4,53:25.7,0,1,Online,2024,Mar,6,Wed,FALSE,1,-1.683333333,,,4.757095083,2.22623825,29.93333333,10.48333333,0,5.5,56.08333333,51.21666667,14,2,3,High,"(3.0, 5.0]","(9.0, 12.0]","(0.3, 0.4]"
P100414,Adult (36-60),Oncology,New Patient,Medicare,Scheduled,13-02-2024,13-02-2024 08:45,13-02-2024 08:04,13-02-2024 08:08,13-02-2024 08:15,13-02-2024 10:09,13-02-2024 10:29,13-02-2024 10:49,13-02-2024 11:30,Non-urgent,Post-operative,Basic labs,TRUE,DR32,D-11,0.77,8,10,0.29,04:51.2,,Oncology,10:29.2,09:21.5,0,1,Online,2024,Feb,13,Tue,FALSE,1,-40.15,,,1.93702295,5.079643717,113.7833333,19.98333333,20.35,40.41666667,205.25,161.4,8,1,2,High,"(7.0, 8.0]","(9.0, 12.0]","(0.2, 0.3]"
P100415,Young Adult (18-35),Pediatrics,New Patient,None,Walk-in,16-03-2024,16-03-2024 12:15,16-03-2024 12:36,16-03-2024 12:38,16-03-2024 12:42,16-03-2024 12:48,16-03-2024 12:54,16-03-2024 14:13,16-03-2024 14:52,Semi-urgent,Injury,Ultrasound,TRUE,DR1,C-14,0.36,5,15,0.33,36:27.9,44:35.5,Pediatrics,39:21.9,48:50.6,1,0,Walk-in,2024,Mar,16,Sat,TRUE,1,21.45,8.1424251,-5.925758433,0.697994383,3.302005617,6.166666667,5.583333333,79.06666667,39.33333333,136.3666667,157.8166667,12,5,3,Low,"(3.0, 5.0]","(12.0, 15.0]","(0.3, 0.4]"
P100416,Adult (36-60),Orthopedics,New Patient,None,Scheduled,20-02-2024,20-02-2024 08:45,20-02-2024 08:21,20-02-2024 08:22,20-02-2024 08:31,20-02-2024 11:25,20-02-2024 11:52,20-02-2024 11:52,20-02-2024 13:23,Semi-urgent,Follow-up procedure,None,TRUE,DR7,B-7,0.41,6,13,0.24,21:13.4,,Orthopedics,26:22.6,25:55.0,0,1,Online,2024,Feb,20,Tue,FALSE,1,-23.78333333,,,3.993391717,4.639941617,174.8833333,26.73333333,0,91.13333333,302.55,277.6,8,1,2,Low,"(5.0, 7.0]","(12.0, 15.0]","(0.2, 0.3]"
P100417,Pediatric (0-17),Internal Medicine,Follow-up,Private,Scheduled,07-02-2024,07-02-2024 11:15,07-02-2024 10:34,07-02-2024 10:36,07-02-2024 10:40,07-02-2024 11:15,07-02-2024 11:42,07-02-2024 12:02,07-02-2024 12:05,Semi-urgent,Diagnostic testing,X-ray,FALSE,DR14,B-14,0.92,2,3,0.3,34:19.8,,Internal Medicine,36:04.7,15:40.3,0,1,Online,2024,Feb,7,Wed,FALSE,1,-40.68333333,,,-0.388143517,4.52147685,35.06666667,26.61666667,20.03333333,2.883333333,90.88333333,48.05,10,2,2,Very High,"(1.999, 3.0]","(2.999, 6.0]","(0.2, 0.3]"
P100418,Young Adult (18-35),Radiology,New Patient,Medicare,Scheduled,01-01-2024,01-01-2024 12:15,01-01-2024 11:59,01-01-2024 12:02,01-01-2024 12:06,01-01-2024 12:12,01-01-2024 12:28,01-01-2024 12:28,01-01-2024 12:45,Non-urgent,Vaccination,None,FALSE,DR34,B-15,0.76,7,13,0.21,59:07.8,,Radiology,01:51.6,12:44.7,0,1,Online,2024,Jan,1,Mon,FALSE,1,-15.88333333,,,-0.455979183,4.17264585,6.7,15.8,0,17.15,46.56666667,27.48333333,11,0,1,High,"(5.0, 7.0]","(12.0, 15.0]","(0.2, 0.3]"
P100419,Adult (36-60),Emergency,Urgent Care,None,Scheduled,07-02-2024,07-02-2024 10:30,07-02-2024 10:22,07-02-2024 10:25,07-02-2024 10:28,07-02-2024 12:32,07-02-2024 12:55,07-02-2024 13:11,07-02-2024 14:29,Non-urgent,Vaccination,ECG,TRUE,DR19,C-5,0.41,3,11,0.36,22:51.4,,Emergency,22:47.3,32:17.6,0,1,Online,2024,Feb,7,Wed,FALSE,1,-7.15,,,-3.060891133,5.6775578,123.8166667,23.11666667,15.78333333,78.71666667,247.05,236.9,10,2,2,Low,"(1.999, 3.0]","(9.0, 12.0]","(0.3, 0.4]"
P100420,Senior (61+),Pediatrics,New Patient,None,Walk-in,06-02-2024,06-02-2024 09:30,06-02-2024 09:10,06-02-2024 09:15,06-02-2024 09:19,06-02-2024 09:30,06-02-2024 09:46,06-02-2024 11:01,06-02-2024 12:58,Semi-urgent,Prescription renewal,MRI,TRUE,DR8,D-15,0.33,5,3,0.45,10:52.8,13:17.2,Pediatrics,14:54.6,30:25.3,1,0,Walk-in,2024,Feb,6,Tue,FALSE,1,-19.13333333,2.419491933,2.380508067,-0.75588105,4.10588105,11.4,16.25,75.18333333,117,227.9833333,208.85,9,1,2,Low,"(3.0, 5.0]","(2.999, 6.0]","(0.4, 0.5]"
P100421,Young Adult (18-35),Pediatrics,Specialist Referral,Medicaid,Scheduled,30-03-2024,30-03-2024 12:45,30-03-2024 12:13,30-03-2024 12:18,30-03-2024 12:29,30-03-2024 13:34,30-03-2024 13:42,30-03-2024 14:37,30-03-2024 15:37,Non-urgent,Chronic condition,Stress test,TRUE,DR42,B-2,0.62,6,12,0.36,13:38.2,,Pediatrics,26:19.5,34:03.5,0,1,Online,2024,Mar,30,Sat,TRUE,1,-31.36666667,,,7.958925833,2.7244075,65,8.883333333,54.55,60.25,204.1,168,12,5,3,Medium,"(5.0, 7.0]","(9.0, 12.0]","(0.3, 0.4]"
P100422,Adult (36-60),Internal Medicine,New Patient,Self-pay,Scheduled,28-03-2024,28-03-2024 10:00,28-03-2024 09:52,28-03-2024 09:54,28-03-2024 10:05,28-03-2024 11:11,28-03-2024 11:38,28-03-2024 13:07,28-03-2024 14:10,Semi-urgent,Diagnostic testing,Comprehensive labs,TRUE,DR17,B-9,0.66,2,4,0.46,52:02.7,,Internal Medicine,03:00.8,11:40.0,0,1,Online,2024,Mar,28,Thu,FALSE,1,-7.966666667,,,8.046316967,2.053683033,66.58333333,27.25,88.58333333,63.18333333,258.6333333,247.7333333,9,3,3,High,"(1.999, 3.0]","(2.999, 6.0]","(0.4, 0.5]"
P100423,Young Adult (18-35),Emergency,New Patient,Private,Walk-in,01-03-2024,01-03-2024 15:00,01-03-2024 14:55,01-03-2024 14:58,01-03-2024 15:06,01-03-2024 15:46,01-03-2024 16:11,01-03-2024 16:40,01-03-2024 16:45,Semi-urgent,Chronic condition,X-ray,FALSE,DR21,C-11,0.33,7,10,0.39,55:38.7,58:05.8,Emergency,03:09.6,46:21.8,1,0,Walk-in,2024,Mar,1,Fri,FALSE,1,-4.366666667,2.46286675,0.270466583,4.7933038,3.3066962,39.88333333,25.58333333,28.43333333,5.1,109.8333333,105.4666667,14,4,3,Low,"(5.0, 7.0]","(9.0, 12.0]","(0.3, 0.4]"
P100424,Young Adult (18-35),Neurology,New Patient,Private,Scheduled,12-02-2024,12-02-2024 16:15,12-02-2024 15:47,12-02-2024 15:50,12-02-2024 15:56,12-02-2024 16:49,12-02-2024 17:01,12-02-2024 17:01,12-02-2024 17:12,Semi-urgent,Vaccination,None,FALSE,DR44,B-10,0.34,3,10,0.15,47:31.3,,Neurology,50:20.6,49:37.2,0,1,Online,2024,Feb,12,Mon,FALSE,1,-27.48333333,,,0.326342217,5.973657783,53.3,12.33333333,0,10.28333333,84.71666667,54.73333333,15,0,2,Low,"(1.999, 3.0]","(9.0, 12.0]","(0.099, 0.2]"
P100425,Senior (61+),Radiology,New Patient,Private,Walk-in,15-03-2024,15-03-2024 14:30,15-03-2024 14:10,15-03-2024 14:14,15-03-2024 14:22,15-03-2024 15:01,15-03-2024 15:23,15-03-2024 15:49,15-03-2024 16:59,Semi-urgent,Routine checkup,Basic labs,TRUE,DR8,D-8,0.85,2,12,0.43,10:31.0,18:53.9,Radiology,17:42.9,01:11.2,1,0,Walk-in,2024,Mar,15,Fri,FALSE,1,-19.5,8.397989817,-4.314656483,3.132449367,5.200883967,38.26666667,22.33333333,26.46666667,69.33333333,168.8166667,149.3166667,14,4,3,Very High,"(1.999, 3.0]","(9.0, 12.0]","(0.4, 0.5]"
P100426,Pediatric (0-17),Radiology,Urgent Care,Medicaid,Scheduled,24-02-2024,24-02-2024 13:30,24-02-2024 13:11,24-02-2024 13:12,24-02-2024 13:20,24-02-2024 13:31,24-02-2024 13:42,24-02-2024 13:42,24-02-2024 14:58,Emergency,Vaccination,None,TRUE,DR22,C-11,0.76,2,5,0.21,11:19.6,,Radiology,17:38.3,31:17.5,0,1,Online,2024,Feb,24,Sat,TRUE,1,-18.68333333,,,5.30508185,3.028251483,10.61666667,10.81666667,0,76.21666667,107,87.3,13,5,2,High,"(1.999, 3.0]","(2.999, 6.0]","(0.2, 0.3]"
P100427,Young Adult (18-35),General Surgery,Follow-up,Medicaid,Scheduled,20-03-2024,20-03-2024 10:00,20-03-2024 09:53,20-03-2024 09:55,20-03-2024 09:59,20-03-2024 10:43,20-03-2024 11:05,20-03-2024 11:45,20-03-2024 12:30,Non-urgent,Consultation,CT scan,TRUE,DR45,B-4,0.71,6,11,0.21,53:18.0,,General Surgery,53:33.4,43:16.4,0,1,Online,2024,Mar,20,Wed,FALSE,1,-6.7,,,-2.009435583,5.57610225,44.13333333,21.88333333,40.45,45.1,157.4,148.4333333,9,2,3,High,"(5.0, 7.0]","(9.0, 12.0]","(0.2, 0.3]"
P100428,Young Adult (18-35),Radiology,Specialist Referral,Self-pay,Scheduled,11-02-2024,11-02-2024 12:15,11-02-2024 12:16,11-02-2024 12:18,11-02-2024 12:23,11-02-2024 14:43,11-02-2024 14:50,11-02-2024 15:42,11-02-2024 16:43,Non-urgent,Injury,Ultrasound,TRUE,DR28,A-5,0.8,2,4,0.32,16:40.8,,Radiology,18:07.4,43:17.3,0,1,Online,2024,Feb,11,Sun,TRUE,1,1.666666667,,,-0.45929045,4.875957117,140.2833333,7.033333333,51.85,61.7,267.2,266.95,12,6,2,Very High,"(1.999, 3.0]","(2.999, 6.0]","(0.3, 0.4]"
P100429,Pediatric (0-17),Orthopedics,New Patient,Medicaid,Walk-in,24-01-2024,24-01-2024 09:30,24-01-2024 09:23,24-01-2024 09:27,24-01-2024 09:29,24-01-2024 10:45,24-01-2024 11:08,24-01-2024 11:08,24-01-2024 11:14,Non-urgent,Consultation,None,FALSE,DR48,A-10,0.56,3,9,0.25,23:25.7,25:56.4,Orthopedics,27:05.5,45:28.5,1,0,Walk-in,2024,Jan,24,Wed,FALSE,1,-6.583333333,2.523298483,1.46003485,-0.307850467,2.157850467,76.21666667,23.16666667,0,5.366666667,110.5833333,104,9,2,1,Medium,"(1.999, 3.0]","(6.0, 9.0]","(0.2, 0.3]"
P100430,Pediatric (0-17),Cardiology,Specialist Referral,Medicare,Scheduled,09-03-2024,09-03-2024 14:45,09-03-2024 14:31,09-03-2024 14:33,09-03-2024 14:39,09-03-2024 15:44,09-03-2024 15:59,09-03-2024 16:28,09-03-2024 17:41,Semi-urgent,Prescription renewal,Basic labs,TRUE,DR5,A-10,0.62,3,3,0.28,31:03.4,,Cardiology,36:16.4,44:18.3,0,1,Online,2024,Mar,9,Sat,TRUE,1,-13.95,,,2.490406367,3.542926967,64.48333333,15.43333333,28.28333333,73.25,190.2166667,173.5333333,14,5,3,Medium,"(1.999, 3.0]","(2.999, 6.0]","(0.2, 0.3]"
P100431,Young Adult (18-35),Obstetrics,New Patient,Medicare,Scheduled,16-02-2024,16-02-2024 16:15,16-02-2024 16:01,16-02-2024 16:04,16-02-2024 16:14,16-02-2024 18:30,16-02-2024 18:56,16-02-2024 19:19,16-02-2024 19:29,Non-urgent,Routine checkup,X-ray,FALSE,DR30,D-7,0.66,8,3,0.12,01:29.8,,Obstetrics,11:07.1,30:11.4,0,1,Online,2024,Feb,16,Fri,FALSE,1,-13.51666667,,,6.684326483,3.282340183,135.7833333,26.61666667,22.56666667,10.18333333,208.0666667,191.6,16,4,2,High,"(7.0, 8.0]","(2.999, 6.0]","(0.099, 0.2]"
P100432,Pediatric (0-17),Obstetrics,Urgent Care,Private,Scheduled,09-03-2024,09-03-2024 15:15,09-03-2024 15:12,09-03-2024 15:16,09-03-2024 15:25,09-03-2024 15:34,09-03-2024 15:55,09-03-2024 16:17,09-03-2024 17:36,Urgent,Follow-up procedure,Basic labs,TRUE,DR9,C-1,0.86,6,6,0.13,12:16.0,,Obstetrics,21:15.0,34:45.9,0,1,Online,2024,Mar,9,Sat,TRUE,1,-2.733333333,,,4.416467217,3.75019945,9.75,20.81666667,21.86666667,78.66666667,143.8333333,136.5333333,15,5,3,Very High,"(5.0, 7.0]","(2.999, 6.0]","(0.099, 0.2]"
P100433,Young Adult (18-35),Oncology,New Patient,Medicaid,Scheduled,26-02-2024,26-02-2024 12:15,26-02-2024 11:51,26-02-2024 11:53,26-02-2024 11:54,26-02-2024 12:55,26-02-2024 13:08,26-02-2024 14:35,26-02-2024 16:45,Non-urgent,Consultation,Ultrasound,TRUE,DR2,A-4,0.45,7,10,0.48,51:24.5,,Oncology,51:51.9,55:14.3,0,1,Online,2024,Feb,26,Mon,FALSE,1,-23.6,,,-1.518378133,2.518378133,60.85,13.31666667,86.98333333,130.0666667,294.2,268.6166667,11,0,2,Low,"(5.0, 7.0]","(9.0, 12.0]","(0.4, 0.5]"
P100434,Pediatric (0-17),Internal Medicine,Urgent Care,Medicaid,Walk-in,29-01-2024,29-01-2024 09:30,29-01-2024 08:46,29-01-2024 08:49,29-01-2024 08:58,29-01-2024 11:17,29-01-2024 11:34,29-01-2024 13:39,29-01-2024 15:51,Non-urgent,Routine checkup,Multiple tests,TRUE,DR43,C-11,0.54,5,3,0.32,46:09.8,55:36.7,Internal Medicine,56:13.9,17:20.5,1,0,Walk-in,2024,Jan,29,Mon,FALSE,1,-43.85,9.462197667,-6.428864333,7.0486786,2.534654733,138.5666667,16.68333333,125.1666667,131.8666667,424.9,381.05,8,0,1,Medium,"(3.0, 5.0]","(2.999, 6.0]","(0.3, 0.4]"
P100435,Pediatric (0-17),General Surgery,New Patient,None,Scheduled,02-02-2024,02-02-2024 12:15,02-02-2024 11:58,02-02-2024 12:01,02-02-2024 12:04,02-02-2024 12:47,02-02-2024 13:13,02-02-2024 13:44,02-02-2024 13:59,Semi-urgent,Routine checkup,Basic labs,FALSE,DR33,D-7,0.7,2,13,0.14,58:27.4,,General Surgery,01:14.8,47:31.2,0,1,Online,2024,Feb,2,Fri,FALSE,1,-16.55,,,0.213816383,3.46951695,42.8,25.96666667,31.13333333,15.33333333,121.5,102.3666667,11,4,2,High,"(1.999, 3.0]","(12.0, 15.0]","(0.099, 0.2]"
P100436,Senior (61+),Oncology,New Patient,Medicaid,Scheduled,11-03-2024,11-03-2024 11:30,11-03-2024 11:09,11-03-2024 11:13,11-03-2024 11:18,11-03-2024 12:56,11-03-2024 13:33,11-03-2024 14:55,11-03-2024 15:20,Non-urgent,Acute illness,Comprehensive labs,TRUE,DR5,C-9,0.35,3,15,0.12,09:25.5,,Oncology,12:41.0,56:34.9,0,1,Online,2024,Mar,11,Mon,FALSE,1,-20.58333333,,,-0.9503554,5.583688733,98.3,37.06666667,81.81666667,25.11666667,251.15,226.35,11,0,3,Low,"(1.999, 3.0]","(12.0, 15.0]","(0.099, 0.2]"
P100437,Senior (61+),General Surgery,New Patient,Medicare,Scheduled,04-03-2024,04-03-2024 09:45,04-03-2024 09:17,04-03-2024 09:21,04-03-2024 09:24,04-03-2024 09:45,04-03-2024 10:02,04-03-2024 10:42,04-03-2024 11:38,Semi-urgent,Acute illness,Basic labs,TRUE,DR11,B-5,0.67,6,7,0.45,17:57.0,,General Surgery,20:58.8,45:47.4,0,1,Online,2024,Mar,4,Mon,FALSE,1,-27.05,,,-0.037454167,3.204120833,21.6,16.85,39.93333333,56.05,140.6666667,110.55,9,0,3,High,"(5.0, 7.0]","(6.0, 9.0]","(0.4, 0.5]"
P100438,Senior (61+),General Surgery,Follow-up,Medicare,Emergency,01-01-2024,01-01-2024 12:00,01-01-2024 12:01,01-01-2024 12:05,01-01-2024 12:09,01-01-2024 12:45,01-01-2024 13:14,01-01-2024 13:52,01-01-2024 13:58,Urgent,Vaccination,Ultrasound,FALSE,DR23,C-10,0.54,3,6,0.27,01:42.2,08:19.2,General Surgery,04:55.8,45:55.9,1,0,Walk-in,2024,Jan,1,Mon,FALSE,1,1.7,6.619585383,-2.652918717,-0.736346317,4.703012983,36.28333333,28.36666667,37.85,6,116.4333333,118.1333333,12,0,1,Medium,"(1.999, 3.0]","(2.999, 6.0]","(0.2, 0.3]"
P100439,Senior (61+),Radiology,Urgent Care,Self-pay,Scheduled,26-03-2024,26-03-2024 11:30,26-03-2024 11:27,26-03-2024 11:31,26-03-2024 11:42,26-03-2024 12:55,26-03-2024 13:00,26-03-2024 13:00,26-03-2024 14:17,Urgent,Post-operative,None,TRUE,DR15,B-14,0.68,8,4,0.29,27:29.7,,Radiology,36:20.3,55:30.5,0,1,Online,2024,Mar,26,Tue,FALSE,1,-2.516666667,,,5.021061783,5.81227155,73.35,5,0,77.38333333,170.4,164.05,11,1,3,High,"(7.0, 8.0]","(2.999, 6.0]","(0.2, 0.3]"
P100440,Young Adult (18-35),Pediatrics,Urgent Care,Self-pay,Scheduled,21-03-2024,21-03-2024 14:30,21-03-2024 14:11,21-03-2024 14:13,21-03-2024 14:20,21-03-2024 14:26,21-03-2024 14:54,21-03-2024 16:01,21-03-2024 16:14,Urgent,Post-operative,Comprehensive labs,FALSE,DR39,A-15,0.55,2,10,0.13,11:50.9,,Pediatrics,18:07.1,26:12.0,0,1,Online,2024,Mar,21,Thu,FALSE,1,-18.16666667,,,4.218808233,2.481191767,5.6,28.46666667,66.51666667,13.25,122.6,102.3666667,14,3,3,Medium,"(1.999, 3.0]","(9.0, 12.0]","(0.099, 0.2]"
P100441,Pediatric (0-17),Radiology,Specialist Referral,None,Scheduled,23-01-2024,23-01-2024 11:15,23-01-2024 10:47,23-01-2024 10:50,23-01-2024 10:58,23-01-2024 11:18,23-01-2024 11:23,23-01-2024 11:56,23-01-2024 12:03,Non-urgent,Routine checkup,Ultrasound,FALSE,DR27,D-15,0.41,3,3,0.33,47:28.9,,Radiology,53:14.1,18:14.4,0,1,Online,2024,Jan,23,Tue,FALSE,1,-27.53333333,,,2.901589983,4.88174335,20.11666667,5,32.91666667,7.566666667,76.25,45.85,10,1,1,Low,"(1.999, 3.0]","(2.999, 6.0]","(0.3, 0.4]"
P100442,Young Adult (18-35),Emergency,Specialist Referral,None,Emergency,15-02-2024,15-02-2024 08:00,15-02-2024 07:43,15-02-2024 07:44,15-02-2024 07:54,15-02-2024 09:11,15-02-2024 09:28,15-02-2024 09:28,15-02-2024 10:12,Non-urgent,Injury,None,TRUE,DR26,B-1,0.36,6,13,0.47,43:13.9,48:32.5,Emergency,50:58.7,11:10.3,1,0,Walk-in,2024,Feb,15,Thu,FALSE,1,-16.78333333,5.324176183,-3.607509517,6.045551033,3.8877823,76.3,17.23333333,0,43.75,148.9333333,132.15,7,3,2,Low,"(5.0, 7.0]","(12.0, 15.0]","(0.4, 0.5]"
P100443,Adult (36-60),Cardiology,Urgent Care,Private,Emergency,08-01-2024,08-01-2024 16:15,08-01-2024 16:02,08-01-2024 16:05,08-01-2024 16:11,08-01-2024 17:43,08-01-2024 17:54,08-01-2024 17:54,08-01-2024 18:06,Non-urgent,Injury,None,FALSE,DR17,D-12,0.37,6,12,0.12,02:40.4,09:58.7,Cardiology,09:07.1,43:17.9,1,0,Walk-in,2024,Jan,8,Mon,FALSE,1,-12.33333333,7.312040867,-4.3453742,3.4852174,2.5147826,91.65,11.53333333,0,11.46666667,123.6166667,111.2833333,16,0,1,Low,"(5.0, 7.0]","(9.0, 12.0]","(0.099, 0.2]"
P100444,Senior (61+),Radiology,Specialist Referral,None,Scheduled,04-03-2024,04-03-2024 11:30,04-03-2024 11:08,04-03-2024 11:11,04-03-2024 11:20,04-03-2024 12:33,04-03-2024 12:56,04-03-2024 12:56,04-03-2024 13:05,Non-urgent,Chronic condition,None,FALSE,DR13,A-9,0.59,7,15,0.3,08:10.8,,Radiology,16:37.5,33:39.0,0,1,Online,2024,Mar,4,Mon,FALSE,1,-21.83333333,,,5.007578533,4.3257548,72.68333333,23.11666667,0,9.133333333,117.7166667,92.43333333,11,0,3,Medium,"(5.0, 7.0]","(12.0, 15.0]","(0.2, 0.3]"
P100445,Young Adult (18-35),Obstetrics,Urgent Care,Self-pay,Scheduled,29-03-2024,29-03-2024 08:00,29-03-2024 07:44,29-03-2024 07:46,29-03-2024 07:51,29-03-2024 09:05,29-03-2024 09:10,29-03-2024 12:05,29-03-2024 12:13,Non-urgent,Diagnostic testing,MRI,FALSE,DR5,B-5,0.65,5,9,0.45,44:32.1,,Obstetrics,46:48.5,05:21.6,0,1,Online,2024,Mar,29,Fri,FALSE,1,-15.46666667,,,0.591848783,5.14148455,73.4,5,175.1,8.05,268.9666667,251.8166667,7,4,3,High,"(3.0, 5.0]","(6.0, 9.0]","(0.4, 0.5]"
P100446,Young Adult (18-35),Obstetrics,Follow-up,Medicare,Scheduled,07-03-2024,07-03-2024 10:45,07-03-2024 10:21,07-03-2024 10:25,07-03-2024 10:34,07-03-2024 10:36,07-03-2024 10:41,07-03-2024 10:41,07-03-2024 11:07,Urgent,Vaccination,None,TRUE,DR48,A-10,0.7,2,12,0.39,21:59.8,,Obstetrics,32:00.5,36:37.0,0,1,Online,2024,Mar,7,Thu,FALSE,1,-23.01666667,,,6.94087395,2.275792717,2.316666667,5.05,0,26.28333333,45.95,19.85,10,3,3,High,"(1.999, 3.0]","(9.0, 12.0]","(0.3, 0.4]"
P100447,Young Adult (18-35),Obstetrics,Urgent Care,Medicare,Walk-in,28-01-2024,28-01-2024 12:45,28-01-2024 12:28,28-01-2024 12:31,28-01-2024 12:41,28-01-2024 13:17,28-01-2024 13:36,28-01-2024 13:36,28-01-2024 13:46,Non-urgent,Vaccination,None,FALSE,DR2,B-11,0.41,2,9,0.12,28:11.9,32:41.6,Obstetrics,37:11.1,17:03.0,1,0,Walk-in,2024,Jan,28,Sun,TRUE,1,-16.81666667,4.510450917,-0.760450917,5.2523242,3.9476758,35.9,19.95,0,9.9,78.7,61.88333333,12,6,1,Low,"(1.999, 3.0]","(6.0, 9.0]","(0.099, 0.2]"
P100448,Pediatric (0-17),Orthopedics,Follow-up,Medicaid,Scheduled,03-02-2024,03-02-2024 08:15,03-02-2024 07:57,03-02-2024 08:00,03-02-2024 08:07,03-02-2024 09:37,03-02-2024 09:57,03-02-2024 10:33,03-02-2024 12:11,Non-urgent,Post-operative,Basic labs,TRUE,DR5,B-11,0.39,4,12,0.19,57:17.5,,Orthopedics,04:43.7,37:23.3,0,1,Online,2024,Feb,3,Sat,TRUE,1,-17.71666667,,,4.14498575,2.338347583,90.31666667,19.85,35.88333333,98.41666667,254.25,233.2333333,7,5,2,Low,"(3.0, 5.0]","(9.0, 12.0]","(0.099, 0.2]"
P100449,Pediatric (0-17),Cardiology,Urgent Care,None,Scheduled,10-01-2024,10-01-2024 13:45,10-01-2024 13:33,10-01-2024 13:36,10-01-2024 13:38,10-01-2024 15:47,10-01-2024 15:59,10-01-2024 16:50,10-01-2024 18:38,Non-urgent,Chronic condition,Comprehensive labs,TRUE,DR25,D-8,0.66,2,3,0.26,33:25.6,,Cardiology,34:46.1,47:12.3,0,1,Online,2024,Jan,10,Wed,FALSE,1,-11.58333333,,,-1.781496333,3.498163,128.9333333,12.73333333,50.9,108.0833333,305.5,290.7833333,13,2,1,High,"(1.999, 3.0]","(2.999, 6.0]","(0.2, 0.3]"
P100450,Pediatric (0-17),Radiology,Specialist Referral,None,Scheduled,14-02-2024,14-02-2024 12:30,14-02-2024 12:22,14-02-2024 12:23,14-02-2024 12:27,14-02-2024 13:46,14-02-2024 13:59,14-02-2024 14:46,14-02-2024 16:40,Non-urgent,Injury,Ultrasound,TRUE,DR49,D-8,0.82,3,12,0.31,22:47.4,,Radiology,24:10.8,46:02.7,0,1,Online,2024,Feb,14,Wed,FALSE,1,-7.216666667,,,0.213178933,3.6201544,78.23333333,13.16666667,46.9,114.25,257.5666667,249.1666667,12,2,2,Very High,"(1.999, 3.0]","(9.0, 12.0]","(0.3, 0.4]"
P100451,Adult (36-60),Orthopedics,Specialist Referral,None,Walk-in,06-01-2024,06-01-2024 12:00,06-01-2024 11:38,06-01-2024 11:40,06-01-2024 11:43,06-01-2024 12:04,06-01-2024 12:15,06-01-2024 12:52,06-01-2024 13:39,Urgent,Diagnostic testing,ECG,TRUE,DR19,B-15,0.46,4,8,0.38,38:56.0,46:39.4,Orthopedics,37:32.4,04:07.9,1,0,Walk-in,2024,Jan,6,Sat,TRUE,1,-21.06666667,7.723853917,-5.873853917,-3.24374805,5.660414717,20.91666667,11.55,36.73333333,46.83333333,120.3,99.23333333,11,5,1,Low,"(3.0, 5.0]","(6.0, 9.0]","(0.3, 0.4]"
P100452,Pediatric (0-17),Oncology,Specialist Referral,None,Walk-in,22-02-2024,22-02-2024 09:30,22-02-2024 09:06,22-02-2024 09:10,22-02-2024 09:19,22-02-2024 11:36,22-02-2024 12:09,22-02-2024 13:17,22-02-2024 13:30,Non-urgent,Vaccination,Ultrasound,FALSE,DR16,B-8,0.88,5,3,0.29,06:34.9,12:09.9,Oncology,13:59.5,36:49.6,1,0,Walk-in,2024,Feb,22,Thu,FALSE,1,-23.43333333,5.598295283,-1.981628617,3.808164383,5.808502283,137.0166667,32.46666667,68.13333333,13.2,264.05,240.6166667,9,3,2,Very High,"(3.0, 5.0]","(2.999, 6.0]","(0.2, 0.3]"
P100453,Pediatric (0-17),Orthopedics,New Patient,Medicare,Scheduled,01-01-2024,01-01-2024 12:30,01-01-2024 11:52,01-01-2024 11:53,01-01-2024 12:06,01-01-2024 13:20,01-01-2024 13:30,01-01-2024 14:58,01-01-2024 16:31,Non-urgent,Follow-up procedure,Ultrasound,TRUE,DR38,D-3,0.59,2,4,0.13,52:48.0,,Orthopedics,03:11.1,20:52.2,0,1,Online,2024,Jan,1,Mon,FALSE,1,-37.2,,,9.3686505,3.0813495,74.6,9.75,87.86666667,92.88333333,278.5666667,240.35,11,0,1,Medium,"(1.999, 3.0]","(2.999, 6.0]","(0.099, 0.2]"
P100454,Adult (36-60),Neurology,Urgent Care,Medicaid,Walk-in,10-02-2024,10-02-2024 15:45,10-02-2024 15:57,10-02-2024 16:02,10-02-2024 16:10,10-02-2024 17:27,10-02-2024 17:54,10-02-2024 19:31,10-02-2024 20:13,Non-urgent,Chronic condition,CT scan,TRUE,DR15,A-2,0.6,6,3,0.11,57:50.2,06:21.9,Neurology,05:29.8,27:20.2,1,0,Walk-in,2024,Feb,10,Sat,TRUE,1,12.83333333,8.530872867,-3.830872867,2.962871417,4.970461917,76.86666667,27.36666667,96.98333333,41.38333333,255.2333333,268.0666667,15,5,2,Medium,"(5.0, 7.0]","(2.999, 6.0]","(0.099, 0.2]"
P100455,Adult (36-60),General Surgery,New Patient,Medicare,Scheduled,06-01-2024,06-01-2024 13:00,06-01-2024 12:49,06-01-2024 12:53,06-01-2024 13:04,06-01-2024 14:38,06-01-2024 15:06,06-01-2024 15:32,06-01-2024 15:47,Non-urgent,Follow-up procedure,X-ray,FALSE,DR32,B-5,0.35,7,15,0.4,49:42.6,,General Surgery,01:55.9,38:38.5,0,1,Online,2024,Jan,6,Sat,TRUE,1,-10.3,,,7.964932533,2.901734133,93.8,27.65,25.9,15.36666667,177.85,163.2833333,12,5,1,Low,"(5.0, 7.0]","(12.0, 15.0]","(0.3, 0.4]"
P100456,Adult (36-60),Radiology,Specialist Referral,Medicaid,Scheduled,12-01-2024,12-01-2024 14:15,12-01-2024 13:54,12-01-2024 13:57,12-01-2024 14:06,12-01-2024 16:39,12-01-2024 16:47,12-01-2024 16:47,12-01-2024 16:53,Non-urgent,Routine checkup,None,FALSE,DR13,B-11,0.91,6,11,0.28,54:02.2,,Radiology,03:23.3,39:43.9,0,1,Online,2024,Jan,12,Fri,FALSE,1,-20.96666667,,,6.1877577,3.128908967,153.2,7.883333333,0,5.433333333,179,154.8666667,13,4,1,Very High,"(5.0, 7.0]","(9.0, 12.0]","(0.2, 0.3]"
P100457,Senior (61+),Orthopedics,New Patient,None,Scheduled,15-01-2024,15-01-2024 13:15,15-01-2024 13:05,15-01-2024 13:06,15-01-2024 13:12,15-01-2024 13:39,15-01-2024 14:07,15-01-2024 14:43,15-01-2024 15:04,Semi-urgent,Acute illness,Basic labs,FALSE,DR41,C-4,0.36,7,9,0.32,05:29.7,,Orthopedics,10:16.1,39:11.2,0,1,Online,2024,Jan,15,Mon,FALSE,1,-9.516666667,,,3.28500765,2.66499235,26.25,28.41666667,36.16666667,20.33333333,118.6166667,107.6,13,0,1,Low,"(5.0, 7.0]","(6.0, 9.0]","(0.3, 0.4]"
P100458,Senior (61+),Orthopedics,Specialist Referral,Self-pay,Emergency,21-03-2024,21-03-2024 15:15,21-03-2024 14:59,21-03-2024 15:01,21-03-2024 15:07,21-03-2024 16:09,21-03-2024 16:37,21-03-2024 17:17,21-03-2024 18:59,Non-urgent,Prescription renewal,Basic labs,TRUE,DR43,D-6,0.49,3,10,0.26,59:32.6,02:22.0,Orthopedics,03:24.1,09:13.3,1,0,Walk-in,2024,Mar,21,Thu,FALSE,1,-15.46666667,2.8331003,-0.716433633,1.752153133,4.197846867,61.61666667,27.96666667,40.46666667,101.7333333,239.85,224.3833333,14,3,3,Medium,"(1.999, 3.0]","(9.0, 12.0]","(0.2, 0.3]"
P100459,Pediatric (0-17),Emergency,Urgent Care,Self-pay,Scheduled,20-01-2024,20-01-2024 12:00,20-01-2024 12:20,20-01-2024 12:25,20-01-2024 12:37,20-01-2024 12:50,20-01-2024 13:19,20-01-2024 13:45,20-01-2024 14:55,Non-urgent,Chronic condition,X-ray,TRUE,DR19,B-12,0.57,2,3,0.28,20:49.1,,Emergency,31:28.4,50:25.1,0,1,Online,2024,Jan,20,Sat,TRUE,1,20.81666667,,,6.322861833,5.943804833,13,29.48333333,25.45,69.78333333,154.3166667,170.8,12,5,1,Medium,"(1.999, 3.0]","(2.999, 6.0]","(0.2, 0.3]"
P100460,Senior (61+),Orthopedics,Urgent Care,Medicaid,Walk-in,08-01-2024,08-01-2024 14:30,08-01-2024 14:13,08-01-2024 14:16,08-01-2024 14:22,08-01-2024 16:43,08-01-2024 16:49,08-01-2024 18:02,08-01-2024 19:46,Non-urgent,Consultation,Comprehensive labs,TRUE,DR17,C-12,0.55,3,14,0.2,13:08.8,17:46.5,Orthopedics,18:58.8,43:37.4,1,0,Walk-in,2024,Jan,8,Mon,FALSE,1,-16.86666667,4.642374667,-1.459041333,2.663933317,3.319400017,141.3166667,5.833333333,72.55,104.2666667,333.1333333,316.2666667,14,0,1,Medium,"(1.999, 3.0]","(12.0, 15.0]","(0.099, 0.2]"
P100461,Senior (61+),Oncology,Urgent Care,Medicare,Scheduled,19-03-2024,19-03-2024 13:15,19-03-2024 12:55,19-03-2024 12:59,19-03-2024 13:14,19-03-2024 14:22,19-03-2024 14:41,19-03-2024 15:02,19-03-2024 16:10,Non-urgent,Follow-up procedure,ECG,TRUE,DR7,A-8,0.46,3,15,0.39,55:38.0,,Oncology,10:40.1,22:41.3,0,1,Online,2024,Mar,19,Tue,FALSE,1,-19.38333333,,,11.2018682,3.531465133,68.48333333,19.16666667,20.4,67.85,194.4833333,171.25,12,1,3,Low,"(1.999, 3.0]","(12.0, 15.0]","(0.3, 0.4]"
P100462,Adult (36-60),Radiology,Urgent Care,None,Walk-in,18-02-2024,18-02-2024 16:45,18-02-2024 16:32,18-02-2024 16:34,18-02-2024 16:45,18-02-2024 16:47,18-02-2024 17:09,18-02-2024 17:39,18-02-2024 19:10,Urgent,Prescription renewal,Basic labs,TRUE,DR35,B-9,0.85,6,12,0.23,32:58.8,42:01.9,Radiology,40:51.0,47:54.4,1,0,Walk-in,2024,Feb,18,Sun,TRUE,1,-12.03333333,9.064559517,-7.09789285,5.9161336,4.200533067,2.85,21.16666667,30.61666667,91.2,157.9166667,145.8833333,16,6,2,Very High,"(5.0, 7.0]","(9.0, 12.0]","(0.2, 0.3]"
P100463,Young Adult (18-35),General Surgery,Urgent Care,None,Scheduled,30-01-2024,30-01-2024 13:00,30-01-2024 12:36,30-01-2024 12:40,30-01-2024 12:49,30-01-2024 13:56,30-01-2024 14:29,30-01-2024 15:15,30-01-2024 15:25,Non-urgent,Injury,Comprehensive labs,FALSE,DR38,C-9,0.52,5,7,0.12,36:06.8,,General Surgery,43:31.3,56:15.3,0,1,Online,2024,Jan,30,Tue,FALSE,1,-23.9,,,2.6885957,5.978070967,66.75,33.68333333,45.95,9.55,169.3333333,140.7,12,1,1,Medium,"(3.0, 5.0]","(6.0, 9.0]","(0.099, 0.2]"
P100464,Senior (61+),Radiology,New Patient,Private,Scheduled,16-01-2024,16-01-2024 15:00,16-01-2024 14:48,16-01-2024 14:50,16-01-2024 14:55,16-01-2024 15:13,16-01-2024 15:18,16-01-2024 15:18,16-01-2024 15:30,Emergency,Follow-up procedure,None,FALSE,DR23,D-12,0.87,6,8,0.28,48:34.4,,Radiology,51:00.7,13:10.0,0,1,Online,2024,Jan,16,Tue,FALSE,1,-11.43333333,,,0.128123733,4.871876267,17.28333333,5,0,11.95,41.55,27.8,14,1,1,Very High,"(5.0, 7.0]","(6.0, 9.0]","(0.2, 0.3]"
P100465,Adult (36-60),Oncology,Urgent Care,Medicare,Scheduled,02-01-2024,02-01-2024 16:15,02-01-2024 16:11,02-01-2024 16:13,02-01-2024 16:25,02-01-2024 16:38,02-01-2024 16:55,02-01-2024 17:23,02-01-2024 19:19,Urgent,Follow-up procedure,Basic labs,TRUE,DR50,D-8,0.34,5,4,0.16,11:33.3,,Oncology,21:00.1,38:45.3,0,1,Online,2024,Jan,2,Tue,FALSE,1,-3.45,,,7.735199217,4.248134117,13.5,17.23333333,27.08333333,116.0166667,187.5333333,182.3666667,16,1,1,Low,"(3.0, 5.0]","(2.999, 6.0]","(0.099, 0.2]"
P100466,Young Adult (18-35),Pediatrics,New Patient,Self-pay,Walk-in,27-03-2024,27-03-2024 08:15,27-03-2024 08:14,27-03-2024 08:15,27-03-2024 08:18,27-03-2024 08:26,27-03-2024 08:48,27-03-2024 09:43,27-03-2024 09:49,Non-urgent,Chronic condition,X-ray,FALSE,DR41,A-1,0.72,8,10,0.37,14:20.4,17:55.7,Pediatrics,14:20.3,26:24.5,1,0,Walk-in,2024,Mar,27,Wed,FALSE,1,-0.666666667,3.595053517,-2.011720183,-1.578443867,4.228443867,7.833333333,21.98333333,55.46666667,5.183333333,94.7,94.03333333,8,2,3,High,"(7.0, 8.0]","(9.0, 12.0]","(0.3, 0.4]"
P100467,Young Adult (18-35),General Surgery,New Patient,None,Scheduled,23-01-2024,23-01-2024 11:45,23-01-2024 11:22,23-01-2024 11:27,23-01-2024 11:34,23-01-2024 12:35,23-01-2024 12:50,23-01-2024 12:50,23-01-2024 14:56,Semi-urgent,Injury,None,TRUE,DR3,D-7,0.7,8,3,0.35,22:25.5,,General Surgery,28:32.4,35:13.8,0,1,Online,2024,Jan,23,Tue,FALSE,1,-22.58333333,,,1.506642333,5.660024333,61.01666667,15.26666667,0,126.5,214.5666667,187.3666667,11,1,1,High,"(7.0, 8.0]","(2.999, 6.0]","(0.3, 0.4]"
P100468,Adult (36-60),Radiology,New Patient,Medicare,Scheduled,30-01-2024,30-01-2024 08:30,30-01-2024 08:20,30-01-2024 08:24,30-01-2024 08:32,30-01-2024 08:44,30-01-2024 08:58,30-01-2024 10:49,30-01-2024 10:57,Urgent,Follow-up procedure,CT scan,FALSE,DR38,A-7,0.67,3,7,0.13,20:51.2,,Radiology,28:58.8,44:15.9,0,1,Online,2024,Jan,30,Tue,FALSE,1,-9.15,,,4.4962639,3.987069433,11.28333333,13.9,111.3833333,8.05,156.7333333,143.95,8,1,1,High,"(1.999, 3.0]","(6.0, 9.0]","(0.099, 0.2]"
P100469,Senior (61+),Cardiology,New Patient,Medicare,Scheduled,20-01-2024,20-01-2024 10:30,20-01-2024 10:43,20-01-2024 10:47,20-01-2024 10:56,20-01-2024 11:54,20-01-2024 12:33,20-01-2024 13:37,20-01-2024 13:47,Semi-urgent,Prescription renewal,Comprehensive labs,FALSE,DR24,D-2,0.3,4,14,0.28,43:05.6,,Cardiology,52:32.9,54:02.8,0,1,Online,2024,Jan,20,Sat,TRUE,1,13.08333333,,,4.648581733,3.6347516,57.85,39.41666667,63.91666667,10.46666667,184.75,193.0166667,10,5,1,Low,"(3.0, 5.0]","(12.0, 15.0]","(0.2, 0.3]"
P100470,Adult (36-60),General Surgery,Follow-up,Medicaid,Scheduled,15-02-2024,15-02-2024 12:45,15-02-2024 12:36,15-02-2024 12:40,15-02-2024 12:53,15-02-2024 13:24,15-02-2024 13:44,15-02-2024 13:44,15-02-2024 13:56,Urgent,Consultation,None,FALSE,DR18,D-11,0.92,8,10,0.22,36:57.0,,General Surgery,49:38.7,24:10.9,0,1,Online,2024,Feb,15,Thu,FALSE,1,-8.066666667,,,8.727588033,3.4557453,31.06666667,20.81666667,0,11.86666667,79.91666667,67.86666667,12,3,2,Very High,"(7.0, 8.0]","(9.0, 12.0]","(0.2, 0.3]"
P100471,Adult (36-60),General Surgery,Follow-up,Medicaid,Emergency,06-03-2024,06-03-2024 12:30,06-03-2024 12:09,06-03-2024 12:10,06-03-2024 12:18,06-03-2024 17:12,06-03-2024 17:42,06-03-2024 19:01,06-03-2024 20:35,Non-urgent,Vaccination,Ultrasound,TRUE,DR23,D-1,0.37,6,5,0.4,09:15.9,12:48.2,General Surgery,15:31.9,12:12.2,1,0,Walk-in,2024,Mar,6,Wed,FALSE,1,-20.75,3.553507417,-2.220174083,4.947550667,2.735782667,293.9333333,29.91666667,79,94.61666667,506.4833333,485.7333333,12,2,3,Low,"(5.0, 7.0]","(2.999, 6.0]","(0.3, 0.4]"
P100472,Pediatric (0-17),Orthopedics,Follow-up,Private,Scheduled,28-01-2024,28-01-2024 16:00,28-01-2024 15:58,28-01-2024 16:00,28-01-2024 16:09,28-01-2024 17:02,28-01-2024 17:16,28-01-2024 17:16,28-01-2024 18:45,Non-urgent,Follow-up procedure,None,TRUE,DR42,A-13,0.51,3,11,0.27,58:35.5,,Orthopedics,06:27.8,02:37.7,0,1,Online,2024,Jan,28,Sun,TRUE,1,-1.416666667,,,5.496460483,2.98687285,53.16666667,13.63333333,0,89.48333333,167.15,163.35,15,6,1,Medium,"(1.999, 3.0]","(9.0, 12.0]","(0.2, 0.3]"
P100473,Adult (36-60),Radiology,Specialist Referral,Private,Emergency,20-02-2024,20-02-2024 14:30,20-02-2024 14:11,20-02-2024 14:15,20-02-2024 14:19,20-02-2024 14:40,20-02-2024 14:53,20-02-2024 15:26,20-02-2024 15:40,Emergency,Follow-up procedure,ECG,FALSE,DR29,D-14,0.95,4,7,0.1,11:25.7,17:59.6,Radiology,14:27.0,40:02.1,1,0,Walk-in,2024,Feb,20,Tue,FALSE,1,-18.58333333,6.576274333,-2.009607667,-1.533826733,5.2504934,20.33333333,13.28333333,33.06666667,14.31666667,89.28333333,70.7,14,1,2,Very High,"(3.0, 5.0]","(6.0, 9.0]","(0.099, 0.2]"
P100474,Young Adult (18-35),Orthopedics,Specialist Referral,Private,Scheduled,06-01-2024,06-01-2024 09:00,06-01-2024 08:42,06-01-2024 08:43,06-01-2024 08:48,06-01-2024 09:38,06-01-2024 09:47,06-01-2024 10:53,06-01-2024 11:03,Non-urgent,Routine checkup,Ultrasound,FALSE,DR43,D-3,0.43,8,13,0.1,42:17.1,,Orthopedics,46:06.4,38:12.3,0,1,Online,2024,Jan,6,Sat,TRUE,1,-17.71666667,,,2.3405935,2.626073167,49.46666667,9.666666667,65.98333333,9.6,141.1666667,121.9666667,8,5,1,Low,"(7.0, 8.0]","(12.0, 15.0]","(0.099, 0.2]"
P100475,Pediatric (0-17),Cardiology,Specialist Referral,Self-pay,Scheduled,13-01-2024,13-01-2024 08:00,13-01-2024 07:58,13-01-2024 07:59,13-01-2024 08:11,13-01-2024 08:35,13-01-2024 08:54,13-01-2024 09:51,13-01-2024 11:04,Semi-urgent,Post-operative,X-ray,TRUE,DR21,C-3,0.89,2,11,0.43,58:27.4,,Cardiology,06:21.6,35:46.2,0,1,Online,2024,Jan,13,Sat,TRUE,1,-1.55,,,6.710201167,5.3564655,24.05,18.8,57.06666667,72.45,185.6333333,182.8833333,7,5,1,Very High,"(1.999, 3.0]","(9.0, 12.0]","(0.4, 0.5]"
P100476,Senior (61+),Neurology,Follow-up,None,Scheduled,11-03-2024,11-03-2024 15:15,11-03-2024 14:50,11-03-2024 14:52,11-03-2024 15:02,11-03-2024 15:58,11-03-2024 16:35,11-03-2024 17:14,11-03-2024 17:25,Non-urgent,Follow-up procedure,Basic labs,FALSE,DR20,B-6,0.72,7,3,0.23,50:42.6,,Neurology,59:08.6,58:34.9,0,1,Online,2024,Mar,11,Mon,FALSE,1,-24.3,,,6.642615067,2.9240516,56.5,36.9,39.46666667,10.61666667,154.85,128.75,14,0,3,High,"(5.0, 7.0]","(2.999, 6.0]","(0.2, 0.3]"
P100477,Adult (36-60),Emergency,New Patient,None,Walk-in,23-01-2024,23-01-2024 13:30,23-01-2024 13:03,23-01-2024 13:07,23-01-2024 13:17,23-01-2024 14:06,23-01-2024 14:31,23-01-2024 16:28,23-01-2024 18:13,Non-urgent,Vaccination,CT scan,TRUE,DR19,D-11,0.92,8,9,0.29,03:27.2,06:09.8,Emergency,13:40.8,06:42.6,1,0,Walk-in,2024,Jan,23,Tue,FALSE,1,-26.55,2.714166017,0.885833983,6.629413933,3.9039194,49.11666667,24.58333333,117.1,105.2166667,310.15,283.6,13,1,1,Very High,"(7.0, 8.0]","(6.0, 9.0]","(0.2, 0.3]"
P100478,Senior (61+),Oncology,New Patient,None,Walk-in,29-03-2024,29-03-2024 12:45,29-03-2024 12:30,29-03-2024 12:33,29-03-2024 12:34,29-03-2024 12:50,29-03-2024 13:20,29-03-2024 14:15,29-03-2024 15:11,Non-urgent,Injury,Ultrasound,TRUE,DR14,B-12,0.71,2,8,0.1,30:46.3,38:39.9,Oncology,30:21.5,50:34.5,1,0,Walk-in,2024,Mar,29,Fri,FALSE,1,-14.23333333,7.899058717,-5.48239205,-2.824837,3.958170333,16.25,29.5,55.75,55.43333333,160.4833333,146.25,12,4,3,High,"(1.999, 3.0]","(6.0, 9.0]","(0.099, 0.2]"
P100479,Adult (36-60),Pediatrics,Urgent Care,None,Walk-in,11-03-2024,11-03-2024 15:15,11-03-2024 14:54,11-03-2024 14:57,11-03-2024 15:05,11-03-2024 15:49,11-03-2024 16:03,11-03-2024 17:25,11-03-2024 18:46,Non-urgent,Diagnostic testing,Ultrasound,TRUE,DR14,C-5,0.39,6,4,0.39,54:01.7,02:30.6,Pediatrics,02:41.3,49:48.2,1,0,Walk-in,2024,Mar,11,Mon,FALSE,1,-20.98333333,8.493008833,-4.676342167,4.854394433,3.2789389,43.83333333,13.73333333,82.2,80.55,232.2666667,211.2833333,14,0,3,Low,"(5.0, 7.0]","(2.999, 6.0]","(0.3, 0.4]"
P100480,Adult (36-60),General Surgery,Follow-up,Medicare,Scheduled,15-01-2024,15-01-2024 13:00,15-01-2024 12:40,15-01-2024 12:42,15-01-2024 12:53,15-01-2024 12:55,15-01-2024 13:09,15-01-2024 13:09,15-01-2024 13:21,Emergency,Acute illness,None,FALSE,DR2,C-4,0.6,8,13,0.26,40:03.5,,General Surgery,48:19.5,55:15.7,0,1,Online,2024,Jan,15,Mon,FALSE,1,-19.95,,,5.892071383,5.407928617,1.516666667,14.63333333,0,12.1,41.93333333,19.6,12,0,1,Medium,"(7.0, 8.0]","(12.0, 15.0]","(0.2, 0.3]"
P100481,Senior (61+),Cardiology,Follow-up,Medicaid,Scheduled,01-02-2024,01-02-2024 12:45,01-02-2024 12:25,01-02-2024 12:29,01-02-2024 12:32,01-02-2024 13:09,01-02-2024 13:32,01-02-2024 14:13,01-02-2024 14:34,Urgent,Chronic condition,X-ray,FALSE,DR36,B-11,0.61,8,9,0.42,25:40.8,,Cardiology,29:26.4,09:11.9,0,1,Online,2024,Feb,1,Thu,FALSE,1,-19.33333333,,,0.440311917,3.259688083,36.48333333,23.63333333,40.4,21.05,128.6,105.9333333,12,3,2,Medium,"(7.0, 8.0]","(6.0, 9.0]","(0.4, 0.5]"
P100482,Adult (36-60),Radiology,Urgent Care,Private,Scheduled,28-03-2024,28-03-2024 15:45,28-03-2024 15:20,28-03-2024 15:24,28-03-2024 15:25,28-03-2024 15:38,28-03-2024 15:57,28-03-2024 16:38,28-03-2024 17:20,Semi-urgent,Consultation,Basic labs,TRUE,DR36,B-15,0.5,7,4,0.37,20:51.8,,Radiology,21:57.1,38:29.7,0,1,Online,2024,Mar,28,Thu,FALSE,1,-24.15,,,-2.214640833,3.214640833,13.31666667,18.95,41.25,41.53333333,119.3666667,91.9,15,3,3,Medium,"(5.0, 7.0]","(2.999, 6.0]","(0.3, 0.4]"
P100483,Pediatric (0-17),Cardiology,New Patient,None,Scheduled,11-02-2024,11-02-2024 12:45,11-02-2024 12:47,11-02-2024 12:50,11-02-2024 12:59,11-02-2024 14:28,11-02-2024 14:44,11-02-2024 14:44,11-02-2024 14:53,Semi-urgent,Chronic condition,None,FALSE,DR36,B-2,0.44,6,7,0.38,47:41.5,,Cardiology,55:38.2,28:03.9,0,1,Online,2024,Feb,11,Sun,TRUE,1,2.683333333,,,4.653761217,3.396238783,89.01666667,16.23333333,0,9.25,125.85,125.2333333,12,6,2,Low,"(5.0, 7.0]","(6.0, 9.0]","(0.3, 0.4]"
P100484,Pediatric (0-17),General Surgery,New Patient,Self-pay,Walk-in,04-02-2024,04-02-2024 11:15,04-02-2024 11:07,04-02-2024 11:12,04-02-2024 11:23,04-02-2024 11:42,04-02-2024 11:52,04-02-2024 11:52,04-02-2024 13:43,Urgent,Acute illness,None,TRUE,DR43,C-6,0.83,7,4,0.29,07:39.3,14:13.9,General Surgery,19:04.0,42:56.9,1,0,Walk-in,2024,Feb,4,Sun,TRUE,1,-7.35,6.58243525,-2.149101917,6.98358995,4.249743383,19.61666667,10,0,110.4666667,155.75,148.4,11,6,2,Very High,"(5.0, 7.0]","(2.999, 6.0]","(0.2, 0.3]"
P100485,Senior (61+),Radiology,Follow-up,Medicaid,Scheduled,04-02-2024,04-02-2024 12:45,04-02-2024 12:30,04-02-2024 12:34,04-02-2024 12:38,04-02-2024 12:58,04-02-2024 13:33,04-02-2024 16:07,04-02-2024 16:15,Urgent,Follow-up procedure,MRI,FALSE,DR43,D-15,0.48,4,3,0.37,30:14.6,,Radiology,35:12.0,58:33.3,0,1,Online,2024,Feb,4,Sun,TRUE,1,-14.76666667,,,1.1170307,3.399635967,19.95,35.06666667,153.45,8.683333333,225.5166667,206.9,12,6,2,Medium,"(3.0, 5.0]","(2.999, 6.0]","(0.3, 0.4]"
P100486,Young Adult (18-35),Oncology,New Patient,Self-pay,Scheduled,27-01-2024,27-01-2024 12:45,27-01-2024 12:32,27-01-2024 12:33,27-01-2024 12:42,27-01-2024 15:00,27-01-2024 15:14,27-01-2024 15:31,27-01-2024 15:40,Non-urgent,Diagnostic testing,Basic labs,FALSE,DR6,A-15,0.6,2,14,0.41,32:14.6,,Oncology,37:59.8,00:07.3,0,1,Online,2024,Jan,27,Sat,TRUE,1,-12.76666667,,,4.262716833,4.1206165,138,14.6,17.26666667,8.466666667,188.2166667,173.95,12,5,1,Medium,"(1.999, 3.0]","(12.0, 15.0]","(0.4, 0.5]"
P100487,Pediatric (0-17),Obstetrics,Urgent Care,None,Scheduled,15-02-2024,15-02-2024 13:15,15-02-2024 13:07,15-02-2024 13:10,15-02-2024 13:16,15-02-2024 13:25,15-02-2024 13:53,15-02-2024 16:50,15-02-2024 18:15,Urgent,Routine checkup,MRI,TRUE,DR38,C-4,0.33,4,12,0.38,07:51.2,,Obstetrics,13:27.5,25:39.5,0,1,Online,2024,Feb,15,Thu,FALSE,1,-7.15,,,2.491936783,2.708063217,9.483333333,28.08333333,177.05,85.05,307.9833333,297.7166667,13,3,2,Low,"(3.0, 5.0]","(9.0, 12.0]","(0.3, 0.4]"
P100488,Pediatric (0-17),Neurology,Follow-up,Medicaid,Emergency,24-03-2024,24-03-2024 14:15,24-03-2024 13:58,24-03-2024 14:01,24-03-2024 14:03,24-03-2024 14:38,24-03-2024 14:56,24-03-2024 15:54,24-03-2024 17:16,Semi-urgent,Routine checkup,Comprehensive labs,TRUE,DR4,B-10,0.63,5,6,0.45,58:14.9,06:21.0,Neurology,00:45.0,38:57.9,1,0,Walk-in,2024,Mar,24,Sun,TRUE,1,-16.76666667,8.11629235,-4.86629235,-0.733642717,2.833642717,35.36666667,17.1,57.95,82.85,198.6166667,181.85,13,6,3,Medium,"(3.0, 5.0]","(2.999, 6.0]","(0.4, 0.5]"
P100489,Adult (36-60),Orthopedics,Follow-up,None,Scheduled,01-02-2024,01-02-2024 16:30,01-02-2024 16:17,01-02-2024 16:22,01-02-2024 16:27,01-02-2024 16:31,01-02-2024 16:40,01-02-2024 17:12,01-02-2024 17:28,Emergency,Prescription renewal,X-ray,FALSE,DR31,D-5,0.77,2,10,0.45,17:34.5,,Orthopedics,24:55.6,31:10.8,0,1,Online,2024,Feb,1,Thu,FALSE,1,-12.43333333,,,2.72648935,2.640177317,3.6,9.166666667,31.98333333,15.91666667,70.66666667,53.6,16,3,2,High,"(1.999, 3.0]","(9.0, 12.0]","(0.4, 0.5]"
P100490,Young Adult (18-35),Internal Medicine,Urgent Care,Medicaid,Scheduled,23-02-2024,23-02-2024 10:30,23-02-2024 10:01,23-02-2024 10:04,23-02-2024 10:13,23-02-2024 11:08,23-02-2024 11:15,23-02-2024 11:15,23-02-2024 11:28,Urgent,Injury,None,FALSE,DR5,A-9,0.4,4,11,0.14,01:44.5,,Internal Medicine,11:01.2,08:36.5,0,1,Online,2024,Feb,23,Fri,FALSE,1,-28.26666667,,,6.17074665,2.145920017,55.43333333,6.666666667,0,13.06666667,86.6,55.21666667,10,4,2,Low,"(3.0, 5.0]","(9.0, 12.0]","(0.099, 0.2]"
P100491,Pediatric (0-17),Pediatrics,Specialist Referral,Medicaid,Scheduled,23-02-2024,23-02-2024 16:15,23-02-2024 15:22,23-02-2024 15:25,23-02-2024 15:27,23-02-2024 15:44,23-02-2024 16:01,23-02-2024 17:10,23-02-2024 17:22,Emergency,Post-operative,Stress test,FALSE,DR8,D-7,0.87,6,8,0.45,22:52.6,,Pediatrics,24:49.6,44:16.5,0,1,Online,2024,Feb,23,Fri,FALSE,1,-52.13333333,,,-1.007421117,2.74075445,16.7,17.53333333,68.55,12.23333333,119.7166667,64.61666667,15,4,2,Very High,"(5.0, 7.0]","(6.0, 9.0]","(0.4, 0.5]"
P100492,Adult (36-60),Neurology,New Patient,Medicaid,Scheduled,05-03-2024,05-03-2024 11:15,05-03-2024 11:04,05-03-2024 11:05,05-03-2024 11:11,05-03-2024 11:26,05-03-2024 11:53,05-03-2024 11:53,05-03-2024 12:06,Emergency,Acute illness,None,FALSE,DR17,D-10,0.33,2,6,0.48,04:01.4,,Neurology,06:35.2,26:37.7,0,1,Online,2024,Mar,5,Tue,FALSE,1,-10.98333333,,,0.6196254,4.613707933,15.41666667,26.96666667,0,13.35,62.91666667,49.98333333,11,1,3,Low,"(1.999, 3.0]","(2.999, 6.0]","(0.4, 0.5]"
P100493,Adult (36-60),Radiology,Specialist Referral,None,Walk-in,26-02-2024,26-02-2024 14:30,26-02-2024 14:22,26-02-2024 14:25,26-02-2024 14:34,26-02-2024 14:52,26-02-2024 15:01,26-02-2024 15:01,26-02-2024 15:06,Non-urgent,Post-operative,None,FALSE,DR41,D-8,0.74,7,14,0.32,22:54.3,27:02.2,Radiology,29:11.5,52:40.1,1,0,Walk-in,2024,Feb,26,Mon,FALSE,1,-7.1,4.136797017,-1.57013035,3.724368333,4.942298333,18.53333333,9.3,0,4.166666667,43.23333333,36.13333333,14,0,2,High,"(5.0, 7.0]","(12.0, 15.0]","(0.3, 0.4]"
P100494,Senior (61+),Internal Medicine,Specialist Referral,Medicare,Scheduled,21-02-2024,21-02-2024 11:30,21-02-2024 11:31,21-02-2024 11:35,21-02-2024 11:44,21-02-2024 12:45,21-02-2024 13:06,21-02-2024 13:37,21-02-2024 15:03,Non-urgent,Chronic condition,Basic labs,TRUE,DR28,D-8,0.4,3,13,0.11,31:36.2,,Internal Medicine,40:36.9,45:22.9,0,1,Online,2024,Feb,21,Wed,FALSE,1,1.6,,,5.031989183,3.418010817,61.33333333,21.48333333,30.83333333,85.31666667,211.4,209.0166667,11,2,2,Low,"(1.999, 3.0]","(12.0, 15.0]","(0.099, 0.2]"
P100495,Senior (61+),Oncology,New Patient,Medicaid,Emergency,10-03-2024,10-03-2024 13:00,10-03-2024 12:55,10-03-2024 12:58,10-03-2024 12:59,10-03-2024 14:09,10-03-2024 14:14,10-03-2024 14:14,10-03-2024 14:28,Non-urgent,Vaccination,None,FALSE,DR14,D-13,0.55,7,4,0.11,55:15.3,59:28.9,Oncology,54:23.4,09:50.0,1,0,Walk-in,2024,Mar,10,Sun,TRUE,1,-4.75,4.232133583,-0.64880025,-4.44292865,5.44292865,70,5,0,13.9,93.48333333,88.73333333,12,6,3,Medium,"(5.0, 7.0]","(2.999, 6.0]","(0.099, 0.2]"
P100496,Adult (36-60),Internal Medicine,New Patient,Private,Scheduled,18-02-2024,18-02-2024 12:00,18-02-2024 11:56,18-02-2024 12:01,18-02-2024 12:08,18-02-2024 13:20,18-02-2024 13:25,18-02-2024 14:54,18-02-2024 17:04,Semi-urgent,Prescription renewal,CT scan,TRUE,DR42,A-11,0.84,3,3,0.35,56:48.1,,Internal Medicine,06:45.4,20:42.5,0,1,Online,2024,Feb,18,Sun,TRUE,1,-3.2,,,5.356601367,2.2100653,71.73333333,5,88.66666667,129.8166667,307.3833333,299.5833333,11,6,2,Very High,"(1.999, 3.0]","(2.999, 6.0]","(0.3, 0.4]"
P100497,Senior (61+),Oncology,Specialist Referral,Medicaid,Scheduled,05-03-2024,05-03-2024 08:30,05-03-2024 08:10,05-03-2024 08:14,05-03-2024 08:22,05-03-2024 08:36,05-03-2024 08:55,05-03-2024 09:34,05-03-2024 09:41,Semi-urgent,Routine checkup,X-ray,FALSE,DR23,B-10,0.3,8,11,0.37,10:50.2,,Oncology,16:27.7,36:13.7,0,1,Online,2024,Mar,5,Tue,FALSE,1,-19.16666667,,,1.89452285,5.872143817,13.88333333,19.06666667,38.71666667,7.316666667,90.48333333,67.58333333,8,1,3,Low,"(7.0, 8.0]","(9.0, 12.0]","(0.3, 0.4]"
P100498,Pediatric (0-17),Pediatrics,Urgent Care,Private,Scheduled,29-03-2024,29-03-2024 12:45,29-03-2024 12:23,29-03-2024 12:26,29-03-2024 12:29,29-03-2024 13:10,29-03-2024 13:34,29-03-2024 14:09,29-03-2024 15:25,Non-urgent,Injury,CT scan,TRUE,DR46,D-5,0.44,5,12,0.27,23:22.4,,Pediatrics,26:43.9,10:36.9,0,1,Online,2024,Mar,29,Fri,FALSE,1,-21.63333333,,,0.315096317,2.334903683,41.53333333,24.18333333,35.16666667,75.9,182.4833333,157.8,12,4,3,Low,"(3.0, 5.0]","(9.0, 12.0]","(0.2, 0.3]"
